dataset,dataset_type,scenario,model,horizon,mae_baseline,mae_hardened,mae_delta_hardened_minus_baseline,rmse_baseline,rmse_hardened,rmse_delta_hardened_minus_baseline,crps_approx_baseline,crps_approx_hardened,crps_approx_delta_hardened_minus_baseline,coverage95_baseline,coverage95_hardened,coverage95_delta_hardened_minus_baseline,mean_interval_width_baseline,mean_interval_width_hardened,mean_interval_width_delta_hardened_minus_baseline,calibration_error_baseline,calibration_error_hardened,calibration_error_delta_hardened_minus_baseline
__ALL_SYNTHETIC__,synthetic,prior_10_12_with_killer,llambo_style,1,2.8072,2.5243,-0.2829,4.4072,4.3911,-0.0161,2.2513,2.0499,-0.2014,0.8472,0.9028,+0.0556,10.2508,13.4170,+3.1662,0.0972,0.0710,-0.0262
__ALL_SYNTHETIC__,synthetic,prior_10_12_with_killer,llambo_style,2,3.2281,2.6429,-0.5852,4.9329,4.4414,-0.4915,2.6632,2.1265,-0.5367,0.7391,0.8986,+0.1595,10.3158,13.8489,+3.5331,0.1425,0.0717,-0.0708
__ALL_SYNTHETIC__,synthetic,prior_10_12_with_killer,llambo_style,3,3.8104,3.0676,-0.7428,5.6522,4.6805,-0.9717,3.1469,2.3353,-0.8116,0.7121,0.8636,+0.1515,9.8655,13.3514,+3.4859,0.1582,0.0529,-0.1053
__ALL_SYNTHETIC__,synthetic,prior_10_12_with_killer,llambo_style,4,4.2325,3.3183,-0.9142,6.2061,5.2408,-0.9653,3.5786,2.5137,-1.0649,0.6508,0.8889,+0.2381,9.4158,12.5926,+3.1768,0.1684,0.0686,-0.0998
__ALL_SYNTHETIC__,synthetic,prior_10_12_with_killer,llambo_style,5,4.2105,3.5111,-0.6994,6.7688,5.2415,-1.5273,3.6797,2.6282,-1.0515,0.6500,0.8667,+0.2167,8.9017,11.9652,+3.0635,0.1796,0.1056,-0.0740
__ALL_SYNTHETIC__,synthetic,prior_10_12_with_killer,llambo_style,6,4.1232,3.4357,-0.6875,5.7877,4.5934,-1.1943,3.4901,2.4747,-1.0154,0.6316,0.8246,+0.1930,8.2982,11.4418,+3.1436,0.1784,0.1312,-0.0472
__ALL_SYNTHETIC__,synthetic,prior_10_12_with_killer,llambo_style,all,3.6968,3.0546,-0.6422,5.6310,4.7622,-0.8688,3.0975,2.3400,-0.7575,0.7106,0.8760,+0.1654,9.5640,12.8326,+3.2686,0.1520,0.0612,-0.0908
__ALL_SYNTHETIC__,synthetic,prior_3_5_with_killer,llambo_style,1,2.8122,2.3744,-0.4378,4.3836,4.0326,-0.3510,2.2096,1.9860,-0.2236,0.8889,0.9306,+0.0417,13.9552,16.2398,+2.2846,0.1080,0.0988,-0.0092
__ALL_SYNTHETIC__,synthetic,prior_3_5_with_killer,llambo_style,2,3.2550,2.3512,-0.9038,4.8986,3.7542,-1.1444,2.5487,1.9415,-0.6072,0.8696,0.9565,+0.0869,14.3421,16.8458,+2.5037,0.1715,0.0945,-0.0770
__ALL_SYNTHETIC__,synthetic,prior_3_5_with_killer,llambo_style,3,3.8816,2.5854,-1.2962,5.6045,3.7516,-1.8529,2.9802,1.9864,-0.9938,0.8333,0.9697,+0.1364,13.9489,16.4477,+2.4988,0.1886,0.0687,-0.1199
__ALL_SYNTHETIC__,synthetic,prior_3_5_with_killer,llambo_style,4,4.2441,2.6759,-1.5682,6.1644,3.9140,-2.2504,3.3372,2.0477,-1.2895,0.7302,0.9365,+0.2063,13.4606,15.8806,+2.4200,0.2178,0.0591,-0.1587
__ALL_SYNTHETIC__,synthetic,prior_3_5_with_killer,llambo_style,5,4.3724,2.7661,-1.6063,6.7236,4.2071,-2.5165,3.5149,2.0852,-1.4297,0.7833,0.9500,+0.1667,12.9602,15.2927,+2.3325,0.2444,0.0519,-0.1925
__ALL_SYNTHETIC__,synthetic,prior_3_5_with_killer,llambo_style,6,4.2592,2.5747,-1.6845,5.8237,3.2480,-2.5757,3.3262,1.8354,-1.4908,0.7544,0.9825,+0.2281,12.4583,14.6842,+2.2259,0.2524,0.0216,-0.2308
__ALL_SYNTHETIC__,synthetic,prior_3_5_with_killer,llambo_style,all,3.7616,2.5456,-1.2160,5.6036,3.8380,-1.7656,2.9519,1.9814,-0.9705,0.8140,0.9535,+0.1395,13.5679,15.9488,+2.3809,0.1934,0.0659,-0.1275
__ALL_SYNTHETIC__,synthetic,prior_7_8_no_killer,llambo_style,1,3.0239,2.3875,-0.6364,4.6146,4.0739,-0.5407,2.3581,1.9336,-0.4245,0.8611,0.8889,+0.0278,11.4856,13.5222,+2.0366,0.1512,0.0818,-0.0694
__ALL_SYNTHETIC__,synthetic,prior_7_8_no_killer,llambo_style,2,3.7554,2.4218,-1.3336,5.4985,3.8970,-1.6015,2.9524,1.9257,-1.0267,0.7536,0.9130,+0.1594,11.7258,13.9966,+2.2708,0.2230,0.0845,-0.1385
__ALL_SYNTHETIC__,synthetic,prior_7_8_no_killer,llambo_style,3,4.5082,2.7223,-1.7859,6.4485,3.9924,-2.4561,3.5994,2.0457,-1.5537,0.7424,0.8939,+0.1515,11.3153,13.5738,+2.2585,0.2626,0.0579,-0.2047
__ALL_SYNTHETIC__,synthetic,prior_7_8_no_killer,llambo_style,4,4.9963,2.9065,-2.0898,7.1514,4.2367,-2.9147,4.0828,2.1694,-1.9134,0.6508,0.9048,+0.2540,10.8249,13.0100,+2.1851,0.2813,0.0697,-0.2116
__ALL_SYNTHETIC__,synthetic,prior_7_8_no_killer,llambo_style,5,5.2475,2.9719,-2.2756,7.7730,4.6160,-3.1570,4.3619,2.2426,-2.1193,0.6667,0.9167,+0.2500,10.3243,12.4216,+2.0973,0.3019,0.0611,-0.2408
__ALL_SYNTHETIC__,synthetic,prior_7_8_no_killer,llambo_style,6,5.1067,2.7985,-2.3082,6.9364,3.6091,-3.3273,4.2037,2.0267,-2.1770,0.6316,0.9123,+0.2807,9.8224,11.8277,+2.0053,0.3304,0.0595,-0.2709
__ALL_SYNTHETIC__,synthetic,prior_7_8_no_killer,llambo_style,all,4.3801,2.6863,-1.6938,6.4205,4.0814,-2.3391,3.5390,2.0513,-1.4877,0.7235,0.9044,+0.1809,10.9668,13.1120,+2.1452,0.2539,0.0529,-0.2010
__ALL_SYNTHETIC__,synthetic,prior_7_8_with_killer,llambo_style,1,2.8122,2.3744,-0.4378,4.3836,4.0326,-0.3510,2.1985,1.9194,-0.2791,0.8750,0.8889,+0.0139,11.4856,13.4790,+1.9934,0.1173,0.0772,-0.0401
__ALL_SYNTHETIC__,synthetic,prior_7_8_with_killer,llambo_style,2,3.2550,2.3512,-0.9038,4.8986,3.7542,-1.1444,2.5607,1.8683,-0.6924,0.8116,0.9275,+0.1159,11.7258,13.9454,+2.2196,0.1860,0.0800,-0.1060
__ALL_SYNTHETIC__,synthetic,prior_7_8_with_killer,llambo_style,3,3.8816,2.5854,-1.2962,5.6045,3.7516,-1.8529,3.0284,1.9395,-1.0889,0.7727,0.9697,+0.1970,11.3153,13.5194,+2.2041,0.2071,0.0316,-0.1755
__ALL_SYNTHETIC__,synthetic,prior_7_8_with_killer,llambo_style,4,4.2441,2.6759,-1.5682,6.1644,3.9140,-2.2504,3.4068,2.0059,-1.4009,0.7143,0.9048,+0.1905,10.8249,12.9549,+2.1300,0.2319,0.0354,-0.1965
__ALL_SYNTHETIC__,synthetic,prior_7_8_with_killer,llambo_style,5,4.3724,2.7661,-1.6063,6.7236,4.2071,-2.5165,3.5880,2.0525,-1.5355,0.6833,0.9500,+0.2667,10.3243,12.3661,+2.0418,0.2556,0.0167,-0.2389
__ALL_SYNTHETIC__,synthetic,prior_7_8_with_killer,llambo_style,6,4.2592,2.5747,-1.6845,5.8237,3.2480,-2.5757,3.4163,1.8231,-1.5932,0.6491,0.9825,+0.3334,9.8224,11.7720,+1.9496,0.2641,0.0232,-0.2409
__ALL_SYNTHETIC__,synthetic,prior_7_8_with_killer,llambo_style,all,3.7616,2.5456,-1.2160,5.6036,3.8380,-1.7656,2.9961,1.9343,-1.0618,0.7571,0.9354,+0.1783,10.9668,13.0598,+2.0930,0.2066,0.0382,-0.1684
enriched_monthly_panel,observed,prior_10_12_with_killer,llambo_style,1,6.4447,4.8025,-1.6422,7.5037,5.8041,-1.6996,5.3073,3.4849,-1.8224,0.2000,0.8000,+0.6000,9.0160,12.4708,+3.4548,0.3889,0.3056,-0.0833
enriched_monthly_panel,observed,prior_10_12_with_killer,llambo_style,2,10.1697,6.9249,-3.2448,11.7140,8.3005,-3.4135,8.9475,5.4902,-3.4573,0.1579,0.4737,+0.3158,9.1096,13.1074,+3.9978,0.4708,0.3187,-0.1521
enriched_monthly_panel,observed,prior_10_12_with_killer,llambo_style,3,13.9140,8.5654,-5.3486,15.3742,10.6978,-4.6764,12.6650,7.2026,-5.4624,0.0000,0.4444,+0.4444,8.6819,12.6781,+3.9962,0.5000,0.4198,-0.0802
enriched_monthly_panel,observed,prior_10_12_with_killer,llambo_style,4,16.8192,10.5419,-6.2773,17.6749,11.7975,-5.8774,15.6405,8.8673,-6.7732,0.0000,0.1765,+0.1765,8.1894,12.0335,+3.8441,0.5000,0.4935,-0.0065
enriched_monthly_panel,observed,prior_10_12_with_killer,llambo_style,5,19.9757,13.1112,-6.8645,20.7931,14.1840,-6.6091,18.8691,11.4869,-7.3822,0.0000,0.0625,+0.0625,7.6886,11.3410,+3.6524,0.5000,0.5000,+0.0000
enriched_monthly_panel,observed,prior_10_12_with_killer,llambo_style,6,22.5436,15.3665,-7.1771,23.3724,16.3588,-7.0136,21.5092,13.8361,-7.6731,0.0000,0.0000,+0.0000,7.1868,10.6378,+3.4510,0.5000,0.5000,+0.0000
enriched_monthly_panel,observed,prior_10_12_with_killer,llambo_style,all,14.4406,9.5361,-4.9045,16.4492,11.3984,-5.0508,13.2814,8.0546,-5.2268,0.0667,0.3524,+0.2857,8.3783,12.1167,+3.7384,0.4735,0.4153,-0.0582
enriched_monthly_panel,observed,prior_3_5_with_killer,llambo_style,1,6.4447,4.8025,-1.6422,7.5037,5.8041,-1.6996,4.8434,3.3309,-1.5125,0.6500,0.8500,+0.2000,13.9552,17.2176,+3.2624,0.3722,0.2444,-0.1278
enriched_monthly_panel,observed,prior_3_5_with_killer,llambo_style,2,10.1697,6.9249,-3.2448,11.7140,8.3005,-3.4135,8.3751,5.1724,-3.2027,0.3684,0.7368,+0.3684,14.3421,18.0132,+3.6711,0.4474,0.3187,-0.1287
enriched_monthly_panel,observed,prior_3_5_with_killer,llambo_style,3,13.9140,8.5654,-5.3486,15.3742,10.6978,-4.6764,11.9246,6.8406,-5.0840,0.0556,0.5556,+0.5000,13.9489,17.6116,+3.6627,0.5000,0.3889,-0.1111
enriched_monthly_panel,observed,prior_3_5_with_killer,llambo_style,4,16.8192,10.5419,-6.2773,17.6749,11.7975,-5.8774,14.8843,8.2947,-6.5896,0.0000,0.4706,+0.4706,13.4606,17.0200,+3.5594,0.5000,0.4804,-0.0196
enriched_monthly_panel,observed,prior_3_5_with_killer,llambo_style,5,19.9757,13.1112,-6.8645,20.7931,14.1840,-6.6091,18.1106,10.8083,-7.3023,0.0000,0.1250,+0.1250,12.9602,16.3964,+3.4362,0.5000,0.4931,-0.0069
enriched_monthly_panel,observed,prior_3_5_with_killer,llambo_style,6,22.5436,15.3665,-7.1771,23.3724,16.3588,-7.0136,20.7506,13.1120,-7.6386,0.0000,0.0667,+0.0667,12.4583,15.7688,+3.3105,0.5000,0.5000,+0.0000
enriched_monthly_panel,observed,prior_3_5_with_killer,llambo_style,all,14.4406,9.5361,-4.9045,16.4492,11.3984,-5.0508,12.6162,7.6062,-5.0100,0.2000,0.4952,+0.2952,13.5786,17.0650,+3.4864,0.4661,0.3952,-0.0709
enriched_monthly_panel,observed,prior_7_8_no_killer,llambo_style,1,7.1390,5.1786,-1.9604,8.2424,6.0961,-2.1463,5.7292,3.6146,-2.1146,0.3500,0.8500,+0.5000,11.4856,15.5968,+4.1112,0.3944,0.3000,-0.0944
enriched_monthly_panel,observed,prior_7_8_no_killer,llambo_style,2,11.7251,7.5871,-4.1380,13.1215,8.9948,-4.1267,10.0932,5.8432,-4.2500,0.1579,0.5263,+0.3684,11.7258,16.5271,+4.8013,0.4883,0.3538,-0.1345
enriched_monthly_panel,observed,prior_7_8_no_killer,llambo_style,3,15.9018,9.9454,-5.9564,17.2180,11.7456,-5.4724,14.2742,8.0014,-6.2728,0.0000,0.4444,+0.4444,11.3153,16.1853,+4.8700,0.5000,0.4383,-0.0617
enriched_monthly_panel,observed,prior_7_8_no_killer,llambo_style,4,19.0592,12.2252,-6.8340,19.8513,13.3278,-6.5235,17.5013,10.0388,-7.4625,0.0000,0.1765,+0.1765,10.8249,15.5944,+4.7695,0.5000,0.4935,-0.0065
enriched_monthly_panel,observed,prior_7_8_no_killer,llambo_style,5,22.3182,15.0164,-7.3018,23.1011,15.9817,-7.1194,20.8323,12.8744,-7.9579,0.0000,0.0625,+0.0625,10.3243,14.9506,+4.6263,0.5000,0.5000,+0.0000
enriched_monthly_panel,observed,prior_7_8_no_killer,llambo_style,6,24.8854,17.4239,-7.4615,25.6950,18.3385,-7.3565,23.4717,15.3675,-8.1042,0.0000,0.0000,+0.0000,9.8224,14.2972,+4.4748,0.5000,0.5000,+0.0000
enriched_monthly_panel,observed,prior_7_8_no_killer,llambo_style,all,16.2492,10.8209,-5.4283,18.2855,12.6922,-5.5933,14.7257,8.9000,-5.8257,0.0952,0.3714,+0.2762,10.9783,15.5815,+4.6032,0.4778,0.4238,-0.0540
enriched_monthly_panel,observed,prior_7_8_with_killer,llambo_style,1,6.4447,4.8025,-1.6422,7.5037,5.8041,-1.6996,5.0559,3.3651,-1.6908,0.5000,0.8500,+0.3500,11.4856,16.0825,+4.5969,0.3778,0.2556,-0.1222
enriched_monthly_panel,observed,prior_7_8_with_killer,llambo_style,2,10.1697,6.9249,-3.2448,11.7140,8.3005,-3.4135,8.6498,5.2306,-3.4192,0.2632,0.6316,+0.3684,11.7258,17.0790,+5.3532,0.4649,0.3187,-0.1462
enriched_monthly_panel,observed,prior_7_8_with_killer,llambo_style,3,13.9140,8.5654,-5.3486,15.3742,10.6978,-4.6764,12.2899,6.9050,-5.3849,0.0556,0.5556,+0.5000,11.3153,16.7003,+5.3850,0.5000,0.3889,-0.1111
enriched_monthly_panel,observed,prior_7_8_with_killer,llambo_style,4,16.8192,10.5419,-6.2773,17.6749,11.7975,-5.8774,15.2616,8.4004,-6.8612,0.0000,0.4706,+0.4706,10.8249,16.0420,+5.2171,0.5000,0.4804,-0.0196
enriched_monthly_panel,observed,prior_7_8_with_killer,llambo_style,5,19.9757,13.1112,-6.8645,20.7931,14.1840,-6.6091,18.4898,10.9482,-7.5416,0.0000,0.1250,+0.1250,10.3243,15.3224,+4.9981,0.5000,0.4931,-0.0069
enriched_monthly_panel,observed,prior_7_8_with_killer,llambo_style,6,22.5436,15.3665,-7.1771,23.3724,16.3588,-7.0136,21.1299,13.2759,-7.8540,0.0000,0.0667,+0.0667,9.8224,14.5907,+4.7683,0.5000,0.5000,+0.0000
enriched_monthly_panel,observed,prior_7_8_with_killer,llambo_style,all,14.4406,9.5361,-4.9045,16.4492,11.3984,-5.0508,12.9421,7.6961,-5.2460,0.1524,0.4762,+0.3238,10.9783,16.0332,+5.0549,0.4704,0.3974,-0.0730
synthetic_clean,synthetic,prior_10_12_with_killer,llambo_style,1,1.5260,0.5970,-0.9290,2.3312,0.7539,-1.5773,1.3103,0.7839,-0.5264,0.8750,1.0000,+0.1250,10.2508,11.8928,+1.6420,0.1389,0.1944,+0.0555
synthetic_clean,synthetic,prior_10_12_with_killer,llambo_style,2,2.5921,1.1066,-1.4855,3.9727,1.3586,-2.6141,2.1609,0.9563,-1.2046,0.8261,1.0000,+0.1739,10.4532,11.9837,+1.5305,0.1522,0.1551,+0.0029
synthetic_clean,synthetic,prior_10_12_with_killer,llambo_style,3,3.3084,1.5005,-1.8079,5.0057,1.8768,-3.1289,2.7562,1.1520,-1.6042,0.7727,1.0000,+0.2273,9.8887,11.6001,+1.7114,0.1768,0.1384,-0.0384
synthetic_clean,synthetic,prior_10_12_with_killer,llambo_style,4,3.6667,1.8552,-1.8115,5.5345,2.2721,-3.2624,3.1057,1.3481,-1.7576,0.6667,1.0000,+0.3333,9.4178,10.9164,+1.4986,0.1772,0.2090,+0.0318
synthetic_clean,synthetic,prior_10_12_with_killer,llambo_style,5,3.6946,2.1590,-1.5356,5.6848,2.6161,-3.0687,3.2216,1.5504,-1.6712,0.6500,0.9500,+0.3000,8.7549,10.4400,+1.6851,0.1667,0.2500,+0.0833
synthetic_clean,synthetic,prior_10_12_with_killer,llambo_style,6,3.7517,2.5431,-1.2086,5.6339,2.9169,-2.7170,3.2230,1.7582,-1.4648,0.6316,0.8947,+0.2631,8.0611,9.9947,+1.9336,0.1901,0.3129,+0.1228
synthetic_clean,synthetic,prior_10_12_with_killer,llambo_style,all,3.0326,1.5756,-1.4570,4.7718,2.0470,-2.7248,2.5789,1.2316,-1.3473,0.7442,0.9767,+0.2325,9.5351,11.1953,+1.6602,0.1658,0.1632,-0.0026
synthetic_clean,synthetic,prior_3_5_with_killer,llambo_style,1,1.5733,0.5382,-1.0351,2.3402,0.6481,-1.6921,1.3620,0.9419,-0.4201,1.0000,1.0000,+0.0000,13.9552,15.0716,+1.1164,0.1620,0.2037,+0.0417
synthetic_clean,synthetic,prior_3_5_with_killer,llambo_style,2,2.7189,1.0228,-1.6961,3.9983,1.2130,-2.7853,2.1223,1.0695,-1.0528,0.8696,1.0000,+0.1304,14.3421,15.4895,+1.1474,0.1860,0.1715,-0.0145
synthetic_clean,synthetic,prior_3_5_with_killer,llambo_style,3,3.5048,1.3820,-2.1228,5.0504,1.6891,-3.3613,2.6823,1.1842,-1.4981,0.8636,1.0000,+0.1364,13.9489,15.0648,+1.1159,0.2222,0.1414,-0.0808
synthetic_clean,synthetic,prior_3_5_with_killer,llambo_style,4,3.9558,1.7148,-2.2410,5.6036,2.0818,-3.5218,3.0259,1.3071,-1.7188,0.8095,1.0000,+0.1905,13.4606,14.5374,+1.0768,0.2354,0.1169,-0.1185
synthetic_clean,synthetic,prior_3_5_with_killer,llambo_style,5,4.1321,1.9190,-2.2131,5.7870,2.3801,-3.4069,3.1790,1.4200,-1.7590,0.8000,1.0000,+0.2000,12.9602,13.9970,+1.0368,0.2500,0.1278,-0.1222
synthetic_clean,synthetic,prior_3_5_with_killer,llambo_style,6,4.0966,2.1284,-1.9682,5.7317,2.5688,-3.1629,3.1850,1.5014,-1.6836,0.7895,1.0000,+0.2105,12.4583,13.4550,+0.9967,0.2602,0.1725,-0.0877
synthetic_clean,synthetic,prior_3_5_with_killer,llambo_style,all,3.2632,1.4083,-1.8549,4.8334,1.8392,-2.9942,2.5438,1.2219,-1.3219,0.8605,1.0000,+0.1395,13.5679,14.6533,+1.0854,0.2132,0.1288,-0.0844
synthetic_clean,synthetic,prior_7_8_no_killer,llambo_style,1,1.9034,0.5641,-1.3393,2.8036,0.6568,-2.1468,1.5211,0.7940,-0.7271,0.9167,1.0000,+0.0833,11.4856,12.4131,+0.9275,0.1944,0.1991,+0.0047
synthetic_clean,synthetic,prior_7_8_no_killer,llambo_style,2,3.2921,1.0713,-2.2208,4.7854,1.2187,-3.5667,2.5837,0.9350,-1.6487,0.8261,1.0000,+0.1739,11.7258,12.6742,+0.9484,0.2536,0.1377,-0.1159
synthetic_clean,synthetic,prior_7_8_no_killer,llambo_style,3,4.2156,1.4346,-2.7810,6.0468,1.6782,-4.3686,3.3608,1.0733,-2.2875,0.7727,1.0000,+0.2273,11.3153,12.2312,+0.9159,0.2879,0.0909,-0.1970
synthetic_clean,synthetic,prior_7_8_no_killer,llambo_style,4,4.7569,1.7277,-3.0292,6.7167,2.0381,-4.6786,3.8374,1.2119,-2.6255,0.6667,1.0000,+0.3333,10.8249,11.7016,+0.8767,0.2989,0.0672,-0.2317
synthetic_clean,synthetic,prior_7_8_no_killer,llambo_style,5,4.9746,1.9352,-3.0394,6.9490,2.2938,-4.6552,4.0584,1.3275,-2.7309,0.6500,1.0000,+0.3500,10.3243,11.1610,+0.8367,0.3056,0.0833,-0.2223
synthetic_clean,synthetic,prior_7_8_no_killer,llambo_style,6,4.9594,2.0513,-2.9081,6.9016,2.4276,-4.4740,4.0911,1.3933,-2.6978,0.6316,1.0000,+0.3684,9.8224,10.6189,+0.7965,0.3246,0.1199,-0.2047
synthetic_clean,synthetic,prior_7_8_no_killer,llambo_style,all,3.9361,1.4240,-2.5121,5.7989,1.7848,-4.0141,3.1733,1.1058,-2.0675,0.7519,1.0000,+0.2481,10.9668,11.8544,+0.8876,0.2743,0.0857,-0.1886
synthetic_clean,synthetic,prior_7_8_with_killer,llambo_style,1,1.5733,0.5382,-1.0351,2.3402,0.6481,-1.6921,1.2940,0.7920,-0.5020,0.9583,1.0000,+0.0417,11.4856,12.4044,+0.9188,0.1639,0.1991,+0.0352
synthetic_clean,synthetic,prior_7_8_with_killer,llambo_style,2,2.7189,1.0228,-1.6961,3.9983,1.2130,-2.7853,2.1087,0.9322,-1.1765,0.8696,1.0000,+0.1304,11.7258,12.6639,+0.9381,0.2150,0.1425,-0.0725
synthetic_clean,synthetic,prior_7_8_with_killer,llambo_style,3,3.5048,1.3820,-2.1228,5.0504,1.6891,-3.3613,2.7098,1.0752,-1.6346,0.8182,1.0000,+0.1818,11.3153,12.2205,+0.9052,0.2323,0.0970,-0.1353
synthetic_clean,synthetic,prior_7_8_with_killer,llambo_style,4,3.9558,1.7148,-2.2410,5.6036,2.0818,-3.5218,3.0828,1.2292,-1.8536,0.7619,1.0000,+0.2381,10.8249,11.6909,+0.8660,0.2566,0.0989,-0.1577
synthetic_clean,synthetic,prior_7_8_with_killer,llambo_style,5,4.1321,1.9190,-2.2131,5.7870,2.3801,-3.4069,3.2533,1.3712,-1.8821,0.7000,1.0000,+0.3000,10.3243,11.1502,+0.8259,0.2778,0.1278,-0.1500
synthetic_clean,synthetic,prior_7_8_with_killer,llambo_style,6,4.0966,2.1284,-1.9682,5.7317,2.5688,-3.1629,3.2652,1.4774,-1.7878,0.6842,1.0000,+0.3158,9.8224,10.6082,+0.7858,0.2661,0.1725,-0.0936
synthetic_clean,synthetic,prior_7_8_with_killer,llambo_style,all,3.2632,1.4083,-1.8549,4.8334,1.8392,-2.9942,2.5660,1.1272,-1.4388,0.8062,1.0000,+0.1938,10.9668,11.8442,+0.8774,0.2321,0.0947,-0.1374
synthetic_noisy,synthetic,prior_10_12_with_killer,llambo_style,1,2.4325,2.3272,-0.1053,3.5166,3.1660,-0.3506,1.8629,1.7493,-0.1136,0.9167,0.9167,+0.0000,10.2508,13.0363,+2.7855,0.0741,0.0454,-0.0287
synthetic_noisy,synthetic,prior_10_12_with_killer,llambo_style,2,2.6261,2.3151,-0.3110,4.0376,3.0780,-0.9596,2.1373,1.7799,-0.3574,0.7826,0.9130,+0.1304,10.2471,13.5625,+3.3154,0.1377,0.0700,-0.0677
synthetic_noisy,synthetic,prior_10_12_with_killer,llambo_style,3,3.1862,2.4741,-0.7121,4.6572,3.0716,-1.5856,2.6007,1.8094,-0.7913,0.7727,0.8636,+0.0909,9.8539,12.9831,+3.1292,0.1717,0.0515,-0.1202
synthetic_noisy,synthetic,prior_10_12_with_killer,llambo_style,4,3.5118,2.7352,-0.7766,5.2399,3.3439,-1.8960,2.9711,1.9173,-1.0538,0.7143,0.9048,+0.1905,9.4148,12.2302,+2.8154,0.1825,0.0524,-0.1301
synthetic_noisy,synthetic,prior_10_12_with_killer,llambo_style,5,3.7706,2.9327,-0.8379,5.9598,3.7467,-2.2131,3.2517,2.0553,-1.1964,0.7000,0.9000,+0.2000,8.9751,11.7119,+2.7368,0.1889,0.0778,-0.1111
synthetic_noisy,synthetic,prior_10_12_with_killer,llambo_style,6,3.7839,2.9718,-0.8121,5.3910,3.2586,-2.1324,3.1744,1.9932,-1.1812,0.6842,0.8421,+0.1579,8.5411,11.2305,+2.6894,0.1784,0.1035,-0.0749
synthetic_noisy,synthetic,prior_10_12_with_killer,llambo_style,all,3.1777,2.6053,-0.5724,4.8128,3.2747,-1.5381,2.6266,1.8757,-0.7509,0.7674,0.8915,+0.1241,9.5968,12.5185,+2.9217,0.1529,0.0438,-0.1091
synthetic_noisy,synthetic,prior_3_5_with_killer,llambo_style,1,2.4583,2.3049,-0.1534,3.4978,3.1207,-0.3771,1.8480,1.7180,-0.1300,0.9167,0.9583,+0.0416,13.9552,15.2974,+1.3422,0.1009,0.0741,-0.0268
synthetic_noisy,synthetic,prior_3_5_with_killer,llambo_style,2,2.7066,2.1949,-0.5117,4.0660,2.9990,-1.0670,2.1314,1.6993,-0.4321,0.9130,0.9565,+0.0435,14.3421,15.7556,+1.4135,0.1715,0.0768,-0.0947
synthetic_noisy,synthetic,prior_3_5_with_killer,llambo_style,3,3.2622,2.1647,-1.0975,4.6595,2.8881,-1.7714,2.4969,1.6633,-0.8336,0.8636,1.0000,+0.1364,13.9489,15.3373,+1.3884,0.1919,0.0707,-0.1212
synthetic_noisy,synthetic,prior_3_5_with_killer,llambo_style,4,3.5869,2.3358,-1.2511,5.2548,3.0815,-2.1733,2.8579,1.7237,-1.1342,0.7619,0.9524,+0.1905,13.4606,14.8088,+1.3482,0.2196,0.0778,-0.1418
synthetic_noisy,synthetic,prior_3_5_with_killer,llambo_style,5,3.8888,2.4759,-1.4129,6.0173,3.4571,-2.5602,3.1746,1.8269,-1.3477,0.8000,0.9500,+0.1500,12.9602,14.2658,+1.3056,0.2500,0.0667,-0.1833
synthetic_noisy,synthetic,prior_3_5_with_killer,llambo_style,6,3.8368,2.2992,-1.5376,5.4023,2.8517,-2.5506,3.0133,1.6394,-1.3739,0.7895,1.0000,+0.2105,12.4583,13.7204,+1.2621,0.2485,0.0673,-0.1812
synthetic_noisy,synthetic,prior_3_5_with_killer,llambo_style,all,3.2482,2.2921,-0.9561,4.8305,3.0716,-1.7589,2.5509,1.7116,-0.8393,0.8450,0.9690,+0.1240,13.5679,14.9142,+1.3463,0.1925,0.0676,-0.1249
synthetic_noisy,synthetic,prior_7_8_no_killer,llambo_style,1,2.6228,2.3149,-0.3079,3.7805,3.2168,-0.5637,1.9638,1.7019,-0.2619,0.9167,0.9167,+0.0000,11.4856,12.9083,+1.4227,0.1389,0.0500,-0.0889
synthetic_noisy,synthetic,prior_7_8_no_killer,llambo_style,2,3.2192,2.2718,-0.9474,4.7238,3.2609,-1.4629,2.5017,1.7439,-0.7578,0.7826,0.9130,+0.1304,11.7258,13.2563,+1.5305,0.2198,0.0855,-0.1343
synthetic_noisy,synthetic,prior_7_8_no_killer,llambo_style,3,3.9668,2.4046,-1.5622,5.5680,3.3141,-2.2539,3.1059,1.8123,-1.2936,0.7727,0.8636,+0.0909,11.3153,12.8229,+1.5076,0.2778,0.1111,-0.1667
synthetic_noisy,synthetic,prior_7_8_no_killer,llambo_style,4,4.4276,2.6622,-1.7654,6.2967,3.6190,-2.6777,3.5878,1.9556,-1.6322,0.7143,0.9048,+0.1905,10.8249,12.2852,+1.4603,0.2884,0.1349,-0.1535
synthetic_noisy,synthetic,prior_7_8_no_killer,llambo_style,5,4.8076,2.7736,-2.0340,7.0982,4.0978,-3.0004,4.0002,2.1196,-1.8806,0.7000,0.9000,+0.2000,10.3243,11.7325,+1.4082,0.3056,0.1389,-0.1667
synthetic_noisy,synthetic,prior_7_8_no_killer,llambo_style,6,4.7317,2.6360,-2.0957,6.5217,3.4669,-3.0548,3.8637,1.9546,-1.9091,0.6842,0.8947,+0.2105,9.8224,11.1768,+1.3544,0.3421,0.1374,-0.2047
synthetic_noisy,synthetic,prior_7_8_no_killer,llambo_style,all,3.9015,2.4975,-1.4040,5.6969,3.4928,-2.2041,3.1144,1.8715,-1.2429,0.7674,0.8992,+0.1318,10.9668,12.4170,+1.4502,0.2571,0.1038,-0.1533
synthetic_noisy,synthetic,prior_7_8_with_killer,llambo_style,1,2.4583,2.3049,-0.1534,3.4978,3.1207,-0.3771,1.8217,1.6712,-0.1505,0.9167,0.9167,+0.0000,11.4856,12.8043,+1.3187,0.1019,0.0398,-0.0621
synthetic_noisy,synthetic,prior_7_8_with_killer,llambo_style,2,2.7066,2.1949,-0.5117,4.0660,2.9990,-1.0670,2.1143,1.6455,-0.4688,0.8696,0.9130,+0.0434,11.7258,13.1328,+1.4070,0.1763,0.0671,-0.1092
synthetic_noisy,synthetic,prior_7_8_with_killer,llambo_style,3,3.2622,2.1647,-1.0975,4.6595,2.8881,-1.7714,2.5188,1.6185,-0.9003,0.8182,1.0000,+0.1818,11.3153,12.6966,+1.3813,0.2172,0.0556,-0.1616
synthetic_noisy,synthetic,prior_7_8_with_killer,llambo_style,4,3.5869,2.3358,-1.2511,5.2548,3.0815,-2.1733,2.8992,1.6864,-1.2128,0.7619,0.9048,+0.1429,10.8249,12.1601,+1.3352,0.2354,0.0704,-0.1650
synthetic_noisy,synthetic,prior_7_8_with_killer,llambo_style,5,3.8888,2.4759,-1.4129,6.0173,3.4571,-2.5602,3.2290,1.7955,-1.4335,0.7000,0.9500,+0.2500,10.3243,11.6095,+1.2852,0.2556,0.0667,-0.1889
synthetic_noisy,synthetic,prior_7_8_with_killer,llambo_style,6,3.8368,2.2992,-1.5376,5.4023,2.8517,-2.5506,3.0780,1.6253,-1.4527,0.6842,1.0000,+0.3158,9.8224,11.0561,+1.2337,0.2661,0.0556,-0.2105
synthetic_noisy,synthetic,prior_7_8_with_killer,llambo_style,all,3.2482,2.2921,-0.9561,4.8305,3.0716,-1.7589,2.5714,1.6726,-0.8988,0.7984,0.9457,+0.1473,10.9668,12.2969,+1.3301,0.2046,0.0487,-0.1559
synthetic_outlier,synthetic,prior_10_12_with_killer,llambo_style,1,4.4632,4.6489,+0.1857,6.3615,6.8741,+0.5126,3.5807,3.6165,+0.0358,0.7500,0.7917,+0.0417,10.2508,15.3217,+5.0709,0.0880,0.0324,-0.0556
synthetic_outlier,synthetic,prior_10_12_with_killer,llambo_style,2,4.4662,4.5070,+0.0408,6.3965,6.9180,+0.5215,3.6913,3.6432,-0.0481,0.6087,0.7826,+0.1739,10.2471,16.0005,+5.7534,0.1444,0.0401,-0.1043
synthetic_outlier,synthetic,prior_10_12_with_killer,llambo_style,3,4.9367,5.2283,+0.2916,7.0069,7.2638,+0.2569,4.0838,4.0444,-0.0394,0.5909,0.7273,+0.1364,9.8539,15.4710,+5.6171,0.1323,0.0495,-0.0828
synthetic_outlier,synthetic,prior_10_12_with_killer,llambo_style,4,5.5188,5.3644,-0.1544,7.5804,8.1273,+0.5469,4.6590,4.2756,-0.3834,0.5714,0.7619,+0.1905,9.4148,14.6312,+5.2164,0.1635,0.0556,-0.1079
synthetic_outlier,synthetic,prior_10_12_with_killer,llambo_style,5,5.1662,5.4417,+0.2755,8.3434,7.8447,-0.4987,4.5659,4.2791,-0.2868,0.6000,0.7500,+0.1500,8.9751,13.7438,+4.7687,0.1833,0.0667,-0.1166
synthetic_outlier,synthetic,prior_10_12_with_killer,llambo_style,6,4.8340,4.7921,-0.0419,6.3000,6.6462,+0.3462,4.0729,3.6727,-0.4002,0.5789,0.7368,+0.1579,8.2925,13.1001,+4.8076,0.1667,0.0906,-0.0761
synthetic_outlier,synthetic,prior_10_12_with_killer,llambo_style,all,4.8799,4.9829,+0.1030,7.0136,7.2885,+0.2749,4.0870,3.9125,-0.1745,0.6202,0.7597,+0.1395,9.5601,14.7839,+5.2238,0.1376,0.0449,-0.0927
synthetic_outlier,synthetic,prior_3_5_with_killer,llambo_style,1,4.4050,4.2801,-0.1249,6.3195,6.2149,-0.1046,3.4187,3.2981,-0.1206,0.7500,0.8333,+0.0833,13.9552,18.3504,+4.3952,0.0889,0.0407,-0.0482
synthetic_outlier,synthetic,prior_3_5_with_killer,llambo_style,2,4.3395,3.8360,-0.5035,6.2826,5.6407,-0.6419,3.3925,3.0557,-0.3368,0.8261,0.9130,+0.0869,14.3421,19.2922,+4.9501,0.1570,0.0662,-0.0908
synthetic_outlier,synthetic,prior_3_5_with_killer,llambo_style,3,4.8777,4.2095,-0.6682,6.8566,5.5705,-1.2861,3.7614,3.1116,-0.6498,0.7727,0.9091,+0.1364,13.9489,18.9409,+4.9920,0.1515,0.0424,-0.1091
synthetic_outlier,synthetic,prior_3_5_with_killer,llambo_style,4,5.1897,3.9771,-1.2126,7.4154,5.6681,-1.7473,4.1278,3.1124,-1.0154,0.6190,0.8571,+0.2381,13.4606,18.2954,+4.8348,0.1984,0.0714,-0.1270
synthetic_outlier,synthetic,prior_3_5_with_killer,llambo_style,5,5.0963,3.9033,-1.1930,8.1193,5.9566,-2.1627,4.1910,3.0086,-1.1824,0.7500,0.9000,+0.1500,12.9602,17.6151,+4.6549,0.2333,0.0722,-0.1611
synthetic_outlier,synthetic,prior_3_5_with_killer,llambo_style,6,4.8443,3.2966,-1.5477,6.3016,4.1130,-2.1886,3.7804,2.3654,-1.4150,0.6842,0.9474,+0.2632,12.4583,16.8772,+4.4189,0.2485,0.0918,-0.1567
synthetic_outlier,synthetic,prior_3_5_with_killer,llambo_style,all,4.7736,3.9363,-0.8373,6.8925,5.6012,-1.2913,3.7609,3.0106,-0.7503,0.7364,0.8915,+0.1551,13.5679,18.2791,+4.7112,0.1744,0.0564,-0.1180
synthetic_outlier,synthetic,prior_7_8_no_killer,llambo_style,1,4.5454,4.2836,-0.2618,6.4601,6.2459,-0.2142,3.5896,3.3050,-0.2846,0.7500,0.7500,+0.0000,11.4856,15.2450,+3.7594,0.1259,0.0444,-0.0815
synthetic_outlier,synthetic,prior_7_8_no_killer,llambo_style,2,4.7549,3.9222,-0.8327,6.7442,5.7827,-0.9615,3.7719,3.0984,-0.6735,0.6522,0.8261,+0.1739,11.7258,16.0593,+4.3335,0.1957,0.0894,-0.1063
synthetic_outlier,synthetic,prior_7_8_no_killer,llambo_style,3,5.3422,4.3276,-1.0146,7.5620,5.8324,-1.7296,4.3314,3.2515,-1.0799,0.6818,0.8182,+0.1364,11.3153,15.6672,+4.3519,0.2222,0.0808,-0.1414
synthetic_outlier,synthetic,prior_7_8_no_killer,llambo_style,4,5.8043,4.3295,-1.4748,8.2866,6.0497,-2.2369,4.8231,3.3407,-1.4824,0.5714,0.8095,+0.2381,10.8249,15.0433,+4.2184,0.2566,0.1243,-0.1323
synthetic_outlier,synthetic,prior_7_8_no_killer,llambo_style,5,5.9605,4.2069,-1.7536,9.0876,6.4706,-2.6170,5.0270,3.2806,-1.7464,0.6500,0.8500,+0.2000,10.3243,14.3715,+4.0472,0.2944,0.1278,-0.1666
synthetic_outlier,synthetic,prior_7_8_no_killer,llambo_style,6,5.6291,3.7083,-1.9208,7.3604,4.6005,-2.7599,4.6564,2.7323,-1.9241,0.5789,0.8421,+0.2632,9.8224,13.6874,+3.8650,0.3246,0.1608,-0.1638
synthetic_outlier,synthetic,prior_7_8_no_killer,llambo_style,all,5.3026,4.1375,-1.1651,7.5887,5.8811,-1.7076,4.3294,3.1767,-1.1527,0.6512,0.8140,+0.1628,10.9668,15.0645,+4.0977,0.2304,0.0986,-0.1318
synthetic_outlier,synthetic,prior_7_8_with_killer,llambo_style,1,4.4050,4.2801,-0.1249,6.3195,6.2149,-0.1046,3.4798,3.2951,-0.1847,0.7500,0.7500,+0.0000,11.4856,15.2284,+3.7428,0.0935,0.0370,-0.0565
synthetic_outlier,synthetic,prior_7_8_with_killer,llambo_style,2,4.3395,3.8360,-0.5035,6.2826,5.6407,-0.6419,3.4593,3.0272,-0.4321,0.6957,0.8696,+0.1739,11.7258,16.0396,+4.3138,0.1667,0.0710,-0.0957
synthetic_outlier,synthetic,prior_7_8_with_killer,llambo_style,3,4.8777,4.2095,-0.6682,6.8566,5.5705,-1.2861,3.8566,3.1248,-0.7318,0.6818,0.9091,+0.2273,11.3153,15.6411,+4.3258,0.1717,0.0414,-0.1303
synthetic_outlier,synthetic,prior_7_8_with_killer,llambo_style,4,5.1897,3.9771,-1.2126,7.4154,5.6681,-1.7473,4.2385,3.1020,-1.1365,0.6190,0.8095,+0.1905,10.8249,15.0137,+4.1888,0.2037,0.0767,-0.1270
synthetic_outlier,synthetic,prior_7_8_with_killer,llambo_style,5,5.0963,3.9033,-1.1930,8.1193,5.9566,-2.1627,4.2818,2.9908,-1.2910,0.6500,0.9000,+0.2500,10.3243,14.3387,+4.0144,0.2333,0.0667,-0.1666
synthetic_outlier,synthetic,prior_7_8_with_killer,llambo_style,6,4.8443,3.2966,-1.5477,6.3016,4.1130,-2.1886,3.9057,2.3666,-1.5391,0.5789,0.9474,+0.3685,9.8224,13.6517,+3.8293,0.2602,0.1152,-0.1450
synthetic_outlier,synthetic,prior_7_8_with_killer,llambo_style,all,4.7736,3.9363,-0.8373,6.8925,5.6012,-1.2913,3.8510,3.0029,-0.8481,0.6667,0.8605,+0.1938,10.9668,15.0383,+4.0715,0.1830,0.0599,-0.1231
