dataset,dataset_type,scenario,model,horizon,mae_baseline,mae_hardened,mae_hardened_no_area,mae_delta_hardened_minus_baseline,mae_delta_hardened_minus_hardened_no_area,rmse_baseline,rmse_hardened,rmse_hardened_no_area,rmse_delta_hardened_minus_baseline,rmse_delta_hardened_minus_hardened_no_area,crps_approx_baseline,crps_approx_hardened,crps_approx_hardened_no_area,crps_approx_delta_hardened_minus_baseline,crps_approx_delta_hardened_minus_hardened_no_area,coverage95_baseline,coverage95_hardened,coverage95_hardened_no_area,coverage95_delta_hardened_minus_baseline,coverage95_delta_hardened_minus_hardened_no_area,mean_interval_width_baseline,mean_interval_width_hardened,mean_interval_width_hardened_no_area,mean_interval_width_delta_hardened_minus_baseline,mean_interval_width_delta_hardened_minus_hardened_no_area,calibration_error_baseline,calibration_error_hardened,calibration_error_hardened_no_area,calibration_error_delta_hardened_minus_baseline,calibration_error_delta_hardened_minus_hardened_no_area
__ALL_SYNTHETIC__,synthetic,prior_10_12_with_killer,llambo_style,1,2.8072,2.6445,2.6445,-0.1627,+0.0000,4.4072,4.2994,4.2994,-0.1078,+0.0000,2.2513,2.0417,2.0417,-0.2096,+0.0000,0.8472,0.9444,0.9444,+0.0972,+0.0000,10.2508,13.8263,13.8263,+3.5755,+0.0000,0.0972,0.0840,0.0840,-0.0132,+0.0000
__ALL_SYNTHETIC__,synthetic,prior_10_12_with_killer,llambo_style,2,3.2281,2.8767,2.8767,-0.3514,+0.0000,4.9329,4.2942,4.2942,-0.6387,+0.0000,2.6632,2.1623,2.1623,-0.5009,+0.0000,0.7391,0.9130,0.9130,+0.1739,+0.0000,10.3158,14.4906,14.4906,+4.1748,+0.0000,0.1425,0.1006,0.1006,-0.0419,+0.0000
__ALL_SYNTHETIC__,synthetic,prior_10_12_with_killer,llambo_style,3,3.8104,3.2407,3.2407,-0.5697,+0.0000,5.6522,4.5788,4.5788,-1.0734,+0.0000,3.1469,2.3677,2.3677,-0.7792,+0.0000,0.7121,0.9242,0.9242,+0.2121,+0.0000,9.8655,14.0050,14.0050,+4.1395,+0.0000,0.1582,0.1465,0.1465,-0.0117,+0.0000
__ALL_SYNTHETIC__,synthetic,prior_10_12_with_killer,llambo_style,4,4.2325,3.7076,3.7076,-0.5249,+0.0000,6.2061,5.1580,5.1580,-1.0481,+0.0000,3.5786,2.7133,2.7133,-0.8653,+0.0000,0.6508,0.8254,0.8254,+0.1746,+0.0000,9.4158,13.2039,13.2039,+3.7881,+0.0000,0.1684,0.2037,0.2037,+0.0353,+0.0000
__ALL_SYNTHETIC__,synthetic,prior_10_12_with_killer,llambo_style,5,4.2105,4.2461,4.2461,+0.0356,+0.0000,6.7688,5.4673,5.4673,-1.3015,+0.0000,3.6797,3.0747,3.0747,-0.6050,+0.0000,0.6500,0.7667,0.7667,+0.1167,+0.0000,8.9017,12.8866,12.8866,+3.9849,+0.0000,0.1796,0.2352,0.2352,+0.0556,+0.0000
__ALL_SYNTHETIC__,synthetic,prior_10_12_with_killer,llambo_style,6,4.1232,4.4754,4.4754,+0.3522,+0.0000,5.7877,5.7419,5.7419,-0.0458,+0.0000,3.4901,3.2588,3.2588,-0.2313,+0.0000,0.6316,0.6842,0.6842,+0.0526,+0.0000,8.2982,12.3931,12.3931,+4.0949,+0.0000,0.1784,0.3090,0.3090,+0.1306,+0.0000
__ALL_SYNTHETIC__,synthetic,prior_10_12_with_killer,llambo_style,all,3.6968,3.4786,3.4786,-0.2182,+0.0000,5.6310,4.9116,4.9116,-0.7194,+0.0000,3.0975,2.5675,2.5675,-0.5300,+0.0000,0.7106,0.8501,0.8501,+0.1395,+0.0000,9.5640,13.5171,13.5171,+3.9531,+0.0000,0.1520,0.1701,0.1701,+0.0181,+0.0000
__ALL_SYNTHETIC__,synthetic,prior_3_5_with_killer,llambo_style,1,2.8122,2.4966,2.4966,-0.3156,+0.0000,4.3836,4.0629,4.0629,-0.3207,+0.0000,2.2096,2.0083,2.0083,-0.2013,+0.0000,0.8889,0.9306,0.9306,+0.0417,+0.0000,13.9552,15.7409,15.7409,+1.7857,+0.0000,0.1080,0.0901,0.0901,-0.0179,+0.0000
__ALL_SYNTHETIC__,synthetic,prior_3_5_with_killer,llambo_style,2,3.2550,2.5749,2.5749,-0.6801,+0.0000,4.8986,3.7694,3.7694,-1.1292,+0.0000,2.5487,1.9770,1.9770,-0.5717,+0.0000,0.8696,0.9565,0.9565,+0.0869,+0.0000,14.3421,16.2628,16.2628,+1.9207,+0.0000,0.1715,0.0858,0.0858,-0.0857,+0.0000
__ALL_SYNTHETIC__,synthetic,prior_3_5_with_killer,llambo_style,3,3.8816,2.7040,2.7040,-1.1776,+0.0000,5.6045,3.7134,3.7134,-1.8911,+0.0000,2.9802,2.0217,2.0217,-0.9585,+0.0000,0.8333,0.9545,0.9545,+0.1212,+0.0000,13.9489,15.8521,15.8521,+1.9032,+0.0000,0.1886,0.0936,0.0936,-0.0950,+0.0000
__ALL_SYNTHETIC__,synthetic,prior_3_5_with_killer,llambo_style,4,4.2441,2.9010,2.9010,-1.3431,+0.0000,6.1644,3.8943,3.8943,-2.2701,+0.0000,3.3372,2.1227,2.1227,-1.2145,+0.0000,0.7302,0.9524,0.9524,+0.2222,+0.0000,13.4606,15.2994,15.2994,+1.8388,+0.0000,0.2178,0.1307,0.1307,-0.0871,+0.0000
__ALL_SYNTHETIC__,synthetic,prior_3_5_with_killer,llambo_style,5,4.3724,3.2385,3.2385,-1.1339,+0.0000,6.7236,4.0538,4.0538,-2.6698,+0.0000,3.5149,2.2522,2.2522,-1.2627,+0.0000,0.7833,0.9500,0.9500,+0.1667,+0.0000,12.9602,14.7276,14.7276,+1.7674,+0.0000,0.2444,0.1593,0.1593,-0.0851,+0.0000
__ALL_SYNTHETIC__,synthetic,prior_3_5_with_killer,llambo_style,6,4.2592,3.2465,3.2465,-1.0127,+0.0000,5.8237,3.9226,3.9226,-1.9011,+0.0000,3.3262,2.2473,2.2473,-1.0789,+0.0000,0.7544,0.9649,0.9649,+0.2105,+0.0000,12.4583,14.1521,14.1521,+1.6938,+0.0000,0.2524,0.2076,0.2076,-0.0448,+0.0000
__ALL_SYNTHETIC__,synthetic,prior_3_5_with_killer,llambo_style,all,3.7616,2.8372,2.8372,-0.9244,+0.0000,5.6036,3.9037,3.9037,-1.6999,+0.0000,2.9519,2.0966,2.0966,-0.8553,+0.0000,0.8140,0.9509,0.9509,+0.1369,+0.0000,13.5679,15.3899,15.3899,+1.8220,+0.0000,0.1934,0.1064,0.1064,-0.0870,+0.0000
__ALL_SYNTHETIC__,synthetic,prior_7_8_no_killer,llambo_style,1,3.0239,2.4549,2.4549,-0.5690,+0.0000,4.6146,4.0562,4.0562,-0.5584,+0.0000,2.3581,1.9391,1.9391,-0.4190,+0.0000,0.8611,0.9167,0.9167,+0.0556,+0.0000,11.4856,13.3997,13.3997,+1.9141,+0.0000,0.1512,0.0756,0.0756,-0.0756,+0.0000
__ALL_SYNTHETIC__,synthetic,prior_7_8_no_killer,llambo_style,2,3.7554,2.5070,2.5070,-1.2484,+0.0000,5.4985,3.7402,3.7402,-1.7583,+0.0000,2.9524,1.9047,1.9047,-1.0477,+0.0000,0.7536,0.9565,0.9565,+0.2029,+0.0000,11.7258,13.8484,13.8484,+2.1226,+0.0000,0.2230,0.0681,0.0681,-0.1549,+0.0000
__ALL_SYNTHETIC__,synthetic,prior_7_8_no_killer,llambo_style,3,4.5082,2.6440,2.6440,-1.8642,+0.0000,6.4485,3.6393,3.6393,-2.8092,+0.0000,3.5994,1.9375,1.9375,-1.6619,+0.0000,0.7424,0.9545,0.9545,+0.2121,+0.0000,11.3153,13.4173,13.4173,+2.1020,+0.0000,0.2626,0.0761,0.0761,-0.1865,+0.0000
__ALL_SYNTHETIC__,synthetic,prior_7_8_no_killer,llambo_style,4,4.9963,2.7520,2.7520,-2.2443,+0.0000,7.1514,3.7751,3.7751,-3.3763,+0.0000,4.0828,2.0154,2.0154,-2.0674,+0.0000,0.6508,0.9048,0.9048,+0.2540,+0.0000,10.8249,12.8515,12.8515,+2.0266,+0.0000,0.2813,0.1067,0.1067,-0.1746,+0.0000
__ALL_SYNTHETIC__,synthetic,prior_7_8_no_killer,llambo_style,5,5.2475,3.0685,3.0685,-2.1790,+0.0000,7.7730,3.9154,3.9154,-3.8576,+0.0000,4.3619,2.1372,2.1372,-2.2247,+0.0000,0.6667,0.9333,0.9333,+0.2666,+0.0000,10.3243,12.2626,12.2626,+1.9383,+0.0000,0.3019,0.1370,0.1370,-0.1649,+0.0000
__ALL_SYNTHETIC__,synthetic,prior_7_8_no_killer,llambo_style,6,5.1067,2.8379,2.8379,-2.2688,+0.0000,6.9364,3.5490,3.5490,-3.3874,+0.0000,4.2037,2.0235,2.0235,-2.1802,+0.0000,0.6316,0.9649,0.9649,+0.3333,+0.0000,9.8224,11.6688,11.6688,+1.8464,+0.0000,0.3304,0.1803,0.1803,-0.1501,+0.0000
__ALL_SYNTHETIC__,synthetic,prior_7_8_no_killer,llambo_style,all,4.3801,2.6963,2.6963,-1.6838,+0.0000,6.4205,3.7902,3.7902,-2.6303,+0.0000,3.5390,1.9883,1.9883,-1.5507,+0.0000,0.7235,0.9380,0.9380,+0.2145,+0.0000,10.9668,12.9622,12.9622,+1.9954,+0.0000,0.2539,0.0906,0.0906,-0.1633,+0.0000
__ALL_SYNTHETIC__,synthetic,prior_7_8_with_killer,llambo_style,1,2.8122,2.4966,2.4966,-0.3156,+0.0000,4.3836,4.0629,4.0629,-0.3207,+0.0000,2.1985,1.9513,1.9513,-0.2472,+0.0000,0.8750,0.9167,0.9167,+0.0417,+0.0000,11.4856,13.3792,13.3792,+1.8936,+0.0000,0.1173,0.0793,0.0793,-0.0380,+0.0000
__ALL_SYNTHETIC__,synthetic,prior_7_8_with_killer,llambo_style,2,3.2550,2.5749,2.5749,-0.6801,+0.0000,4.8986,3.7694,3.7694,-1.1292,+0.0000,2.5607,1.9310,1.9310,-0.6297,+0.0000,0.8116,0.9565,0.9565,+0.1449,+0.0000,11.7258,13.8225,13.8225,+2.0967,+0.0000,0.1860,0.0659,0.0659,-0.1201,+0.0000
__ALL_SYNTHETIC__,synthetic,prior_7_8_with_killer,llambo_style,3,3.8816,2.7040,2.7040,-1.1776,+0.0000,5.6045,3.7134,3.7134,-1.8911,+0.0000,3.0284,1.9882,1.9882,-1.0402,+0.0000,0.7727,0.9091,0.9091,+0.1364,+0.0000,11.3153,13.3894,13.3894,+2.0741,+0.0000,0.2071,0.1027,0.1027,-0.1044,+0.0000
__ALL_SYNTHETIC__,synthetic,prior_7_8_with_killer,llambo_style,4,4.2441,2.9010,2.9010,-1.3431,+0.0000,6.1644,3.8943,3.8943,-2.2701,+0.0000,3.4068,2.1150,2.1150,-1.2918,+0.0000,0.7143,0.9048,0.9048,+0.1905,+0.0000,10.8249,12.8227,12.8227,+1.9978,+0.0000,0.2319,0.1473,0.1473,-0.0846,+0.0000
__ALL_SYNTHETIC__,synthetic,prior_7_8_with_killer,llambo_style,5,4.3724,3.2385,3.2385,-1.1339,+0.0000,6.7236,4.0538,4.0538,-2.6698,+0.0000,3.5880,2.2799,2.2799,-1.3081,+0.0000,0.6833,0.9500,0.9500,+0.2667,+0.0000,10.3243,12.2333,12.2333,+1.9090,+0.0000,0.2556,0.1796,0.1796,-0.0760,+0.0000
__ALL_SYNTHETIC__,synthetic,prior_7_8_with_killer,llambo_style,6,4.2592,3.2465,3.2465,-1.0127,+0.0000,5.8237,3.9226,3.9226,-1.9011,+0.0000,3.4163,2.2955,2.2955,-1.1208,+0.0000,0.6491,0.8421,0.8421,+0.1930,+0.0000,9.8224,11.6391,11.6391,+1.8167,+0.0000,0.2641,0.2271,0.2271,-0.0370,+0.0000
__ALL_SYNTHETIC__,synthetic,prior_7_8_with_killer,llambo_style,all,3.7616,2.8372,2.8372,-0.9244,+0.0000,5.6036,3.9037,3.9037,-1.6999,+0.0000,2.9961,2.0823,2.0823,-0.9138,+0.0000,0.7571,0.9147,0.9147,+0.1576,+0.0000,10.9668,12.9354,12.9354,+1.9686,+0.0000,0.2066,0.1190,0.1190,-0.0876,+0.0000
enriched_monthly_panel,observed,prior_10_12_with_killer,llambo_style,1,6.0529,3.4719,3.7386,-2.5810,-0.2667,7.0748,4.8982,5.0789,-2.1766,-0.1807,4.9020,2.6332,2.7832,-2.2688,-0.1500,0.3000,0.8500,0.8500,+0.5500,+0.0000,9.1907,12.7672,12.3546,+3.5765,+0.4126,0.3778,0.1444,0.1889,-0.2334,-0.0445
enriched_monthly_panel,observed,prior_10_12_with_killer,llambo_style,2,9.2474,5.0451,5.4457,-4.2023,-0.4006,10.8328,6.0388,6.4668,-4.7940,-0.4280,8.1059,3.6957,4.0244,-4.4102,-0.3287,0.2632,0.6842,0.6842,+0.4210,+0.0000,9.2958,13.4212,12.9719,+4.1254,+0.4493,0.4415,0.1912,0.2088,-0.2503,-0.0176
enriched_monthly_panel,observed,prior_10_12_with_killer,llambo_style,3,12.6562,5.8495,6.1456,-6.8067,-0.2961,14.1583,7.2333,7.8976,-6.9250,-0.6643,11.3818,4.5808,4.9523,-6.8010,-0.3715,0.0000,0.5556,0.6111,+0.5556,-0.0555,8.8690,12.9728,12.5455,+4.1038,+0.4273,0.5000,0.1568,0.1914,-0.3432,-0.0346
enriched_monthly_panel,observed,prior_10_12_with_killer,llambo_style,4,15.2941,4.9351,5.8051,-10.3590,-0.8700,16.1493,6.5247,7.5861,-9.6246,-1.0614,14.0885,3.8371,4.6404,-10.2514,-0.8033,0.0000,0.7059,0.6471,+0.7059,+0.0588,8.3767,12.3025,11.9105,+3.9258,+0.3920,0.5000,0.2124,0.3235,-0.2876,-0.1111
enriched_monthly_panel,observed,prior_10_12_with_killer,llambo_style,5,18.2554,5.6078,7.1047,-12.6476,-1.4969,19.0425,7.3557,8.9026,-11.6868,-1.5469,17.1220,4.4404,5.8531,-12.6816,-1.4127,0.0000,0.6875,0.5625,+0.6875,+0.1250,7.8750,11.5820,11.2293,+3.7070,+0.3527,0.5000,0.3333,0.4236,-0.1667,-0.0903
enriched_monthly_panel,observed,prior_10_12_with_killer,llambo_style,6,20.6752,6.5554,8.7138,-14.1198,-2.1584,21.4568,8.2738,10.2547,-13.1830,-1.9809,19.6141,5.2723,7.2871,-14.3418,-2.0148,0.0000,0.6667,0.2667,+0.6667,+0.4000,7.3725,10.8501,10.5379,+3.4776,+0.3122,0.5000,0.4259,0.4852,-0.0741,-0.0593
enriched_monthly_panel,observed,prior_10_12_with_killer,llambo_style,all,13.2075,5.1670,6.0184,-8.0405,-0.8514,15.1124,6.7123,7.7195,-8.4001,-1.0072,12.0438,4.0066,4.7915,-8.0372,-0.7849,0.1048,0.6952,0.6190,+0.5904,+0.0762,8.5626,12.3911,11.9961,+3.8285,+0.3950,0.4661,0.2323,0.2926,-0.2338,-0.0603
enriched_monthly_panel,observed,prior_3_5_with_killer,llambo_style,1,6.0529,3.4719,3.7386,-2.5810,-0.2667,7.0748,4.8982,5.0789,-2.1766,-0.1807,4.4700,2.6079,2.7503,-1.8621,-0.1424,0.8000,0.8500,0.8500,+0.0500,+0.0000,14.1299,15.5914,15.9307,+1.4615,-0.3393,0.3556,0.1222,0.1444,-0.2334,-0.0222
enriched_monthly_panel,observed,prior_3_5_with_killer,llambo_style,2,9.2474,5.0451,5.4457,-4.2023,-0.4006,10.8328,6.0388,6.4668,-4.7940,-0.4280,7.5749,3.5744,3.8701,-4.0005,-0.2957,0.4211,0.7895,0.8421,+0.3684,-0.0526,14.5283,16.0781,16.4895,+1.5498,-0.4114,0.4240,0.1561,0.2029,-0.2679,-0.0468
enriched_monthly_panel,observed,prior_3_5_with_killer,llambo_style,3,12.6562,5.8495,6.1456,-6.8067,-0.2961,14.1583,7.2333,7.8976,-6.9250,-0.6643,10.6662,4.4215,4.7739,-6.2447,-0.3524,0.2222,0.7778,0.6111,+0.5556,+0.1667,14.1361,15.6606,16.0716,+1.5245,-0.4110,0.5000,0.1568,0.1852,-0.3432,-0.0284
enriched_monthly_panel,observed,prior_3_5_with_killer,llambo_style,4,15.2941,4.9351,5.8051,-10.3590,-0.8700,16.1493,6.5247,7.5861,-9.6246,-1.0614,13.3351,3.7467,4.4697,-9.5884,-0.7230,0.0588,0.7647,0.7059,+0.7059,+0.0588,13.6479,15.1281,15.5203,+1.4802,-0.3922,0.5000,0.2059,0.2843,-0.2941,-0.0784
enriched_monthly_panel,observed,prior_3_5_with_killer,llambo_style,5,18.2554,5.6078,7.1047,-12.6476,-1.4969,19.0425,7.3557,8.9026,-11.6868,-1.5469,16.3639,4.2920,5.5784,-12.0719,-1.2864,0.0000,0.7500,0.6250,+0.7500,+0.1250,13.1466,14.5789,14.9498,+1.4323,-0.3709,0.5000,0.3194,0.3889,-0.1806,-0.0695
enriched_monthly_panel,observed,prior_3_5_with_killer,llambo_style,6,20.6752,6.5554,8.7138,-14.1198,-2.1584,21.4568,8.2738,10.2547,-13.1830,-1.9809,18.8555,5.0378,6.8993,-13.8177,-1.8615,0.0000,0.7333,0.5333,+0.7333,+0.2000,12.6441,14.0275,14.3802,+1.3834,-0.3527,0.5000,0.4185,0.4556,-0.0815,-0.0371
enriched_monthly_panel,observed,prior_3_5_with_killer,llambo_style,all,13.2075,5.1670,6.0184,-8.0405,-0.8514,15.1124,6.7123,7.7195,-8.4001,-1.0072,11.3968,3.8818,4.6019,-7.5150,-0.7201,0.2762,0.7810,0.7048,+0.5048,+0.0762,13.7629,15.2386,15.6186,+1.4757,-0.3800,0.4587,0.2175,0.2661,-0.2412,-0.0486
enriched_monthly_panel,observed,prior_7_8_no_killer,llambo_style,1,6.7539,3.6679,3.9488,-3.0860,-0.2809,7.7996,5.0172,5.2242,-2.7824,-0.2070,5.3255,2.7176,2.8822,-2.6079,-0.1646,0.4500,0.8500,0.8500,+0.4000,+0.0000,11.6603,14.1186,14.2376,+2.4583,-0.1190,0.3944,0.1444,0.2000,-0.2500,-0.0556
enriched_monthly_panel,observed,prior_7_8_no_killer,llambo_style,2,10.8322,5.3445,5.7434,-5.4877,-0.3989,12.2454,6.3242,6.8179,-5.9212,-0.4937,9.2273,3.8517,4.1995,-5.3756,-0.3478,0.2632,0.6842,0.7895,+0.4210,-0.1053,11.9120,14.6508,14.8228,+2.7388,-0.1720,0.4766,0.1971,0.2205,-0.2795,-0.0234
enriched_monthly_panel,observed,prior_7_8_no_killer,llambo_style,3,14.7038,6.0685,6.4974,-8.6353,-0.4289,16.0355,7.6786,8.4439,-8.3569,-0.7653,13.0504,4.7622,5.2108,-8.2882,-0.4486,0.0000,0.6111,0.6111,+0.6111,+0.0000,11.5025,14.2168,14.3972,+2.7143,-0.1804,0.5000,0.1975,0.2407,-0.3025,-0.0432
enriched_monthly_panel,observed,prior_7_8_no_killer,llambo_style,4,17.6330,5.6331,6.6374,-11.9999,-1.0043,18.4106,7.2708,8.4554,-11.1398,-1.1846,16.0482,4.3514,5.3019,-11.6968,-0.9505,0.0000,0.7059,0.6471,+0.7059,+0.0588,11.0122,13.6345,13.8083,+2.6223,-0.1738,0.5000,0.2974,0.3693,-0.2026,-0.0719
enriched_monthly_panel,observed,prior_7_8_no_killer,llambo_style,5,20.7387,6.6877,8.5071,-14.0510,-1.8194,21.4866,8.4345,10.0649,-13.0521,-1.6304,19.2260,5.3509,6.8699,-13.8751,-1.5190,0.0000,0.5625,0.5000,+0.5625,+0.0625,10.5107,13.0265,13.1909,+2.5158,-0.1644,0.5000,0.4236,0.4583,-0.0764,-0.0347
enriched_monthly_panel,observed,prior_7_8_no_killer,llambo_style,6,23.1957,8.1911,10.3024,-15.0046,-2.1113,23.9604,9.6349,11.6552,-14.3255,-2.0203,21.7553,6.5661,8.5651,-15.1892,-1.9990,0.0000,0.4000,0.2667,+0.4000,+0.1333,10.0082,12.4142,12.5682,+2.4060,-0.1540,0.5000,0.4704,0.4926,-0.0296,-0.0222
enriched_monthly_panel,observed,prior_7_8_no_killer,llambo_style,all,15.0959,5.8073,6.7480,-9.2886,-0.9407,17.0307,7.4028,8.5000,-9.6279,-1.0972,13.5571,4.4889,5.3310,-9.0682,-0.8421,0.1333,0.6476,0.6286,+0.5143,+0.0190,11.1627,13.7435,13.9034,+2.5808,-0.1599,0.4757,0.2767,0.3190,-0.1990,-0.0423
enriched_monthly_panel,observed,prior_7_8_with_killer,llambo_style,1,6.0529,3.4719,3.7386,-2.5810,-0.2667,7.0748,4.8982,5.0789,-2.1766,-0.1807,4.6645,2.6162,2.7625,-2.0483,-0.1463,0.5000,0.8500,0.8500,+0.3500,+0.0000,11.6603,14.0521,14.1772,+2.3918,-0.1251,0.3778,0.1389,0.1611,-0.2389,-0.0222
enriched_monthly_panel,observed,prior_7_8_with_killer,llambo_style,2,9.2474,5.0451,5.4457,-4.2023,-0.4006,10.8328,6.0388,6.4668,-4.7940,-0.4280,7.8295,3.6366,3.9450,-4.1929,-0.3084,0.2632,0.7368,0.7895,+0.4736,-0.0527,11.9120,14.5680,14.7462,+2.6560,-0.1782,0.4415,0.1678,0.1971,-0.2737,-0.0293
enriched_monthly_panel,observed,prior_7_8_with_killer,llambo_style,3,12.6562,5.8495,6.1456,-6.8067,-0.2961,14.1583,7.2333,7.8976,-6.9250,-0.6643,11.0145,4.5069,4.8648,-6.5076,-0.3579,0.1111,0.5556,0.6111,+0.4445,-0.0555,11.5025,14.1293,14.3154,+2.6268,-0.1861,0.5000,0.1568,0.1914,-0.3432,-0.0346
enriched_monthly_panel,observed,prior_7_8_with_killer,llambo_style,4,15.2941,4.9351,5.8051,-10.3590,-0.8700,16.1493,6.5247,7.5861,-9.6246,-1.0614,13.7103,3.7927,4.5528,-9.9176,-0.7601,0.0000,0.7059,0.7059,+0.7059,+0.0000,11.0122,13.5454,13.7247,+2.5332,-0.1793,0.5000,0.1993,0.3105,-0.3007,-0.1112
enriched_monthly_panel,observed,prior_7_8_with_killer,llambo_style,5,18.2554,5.6078,7.1047,-12.6476,-1.4969,19.0425,7.3557,8.9026,-11.6868,-1.5469,16.7427,4.3657,5.7104,-12.3770,-1.3447,0.0000,0.7500,0.5625,+0.7500,+0.1875,10.5107,12.9366,13.1065,+2.4259,-0.1699,0.5000,0.3264,0.4097,-0.1736,-0.0833
enriched_monthly_panel,observed,prior_7_8_with_killer,llambo_style,6,20.6752,6.5554,8.7138,-14.1198,-2.1584,21.4568,8.2738,10.2547,-13.1830,-1.9809,19.2348,5.1542,7.0837,-14.0806,-1.9295,0.0000,0.7333,0.4000,+0.7333,+0.3333,10.0082,12.3237,12.4829,+2.3155,-0.1592,0.5000,0.4259,0.4704,-0.0741,-0.0445
enriched_monthly_panel,observed,prior_7_8_with_killer,llambo_style,all,13.2075,5.1670,6.0184,-8.0405,-0.8514,15.1124,6.7123,7.7195,-8.4001,-1.0072,11.7123,3.9446,4.6932,-7.7677,-0.7486,0.1619,0.7238,0.6667,+0.5619,+0.0571,11.1627,13.6598,13.8254,+2.4971,-0.1656,0.4661,0.2238,0.2788,-0.2423,-0.0550
synthetic_clean,synthetic,prior_10_12_with_killer,llambo_style,1,1.5260,0.7751,0.7751,-0.7509,+0.0000,2.3312,0.9712,0.9712,-1.3600,+0.0000,1.3103,0.8407,0.8407,-0.4696,+0.0000,0.8750,1.0000,1.0000,+0.1250,+0.0000,10.2508,12.1822,12.1822,+1.9314,+0.0000,0.1389,0.1889,0.1889,+0.0500,+0.0000
synthetic_clean,synthetic,prior_10_12_with_killer,llambo_style,2,2.5921,1.5138,1.5138,-1.0783,+0.0000,3.9727,1.8792,1.8792,-2.0935,+0.0000,2.1609,1.1435,1.1435,-1.0174,+0.0000,0.8261,1.0000,1.0000,+0.1739,+0.0000,10.4532,12.5179,12.5179,+2.0647,+0.0000,0.1522,0.1850,0.1850,+0.0328,+0.0000
synthetic_clean,synthetic,prior_10_12_with_killer,llambo_style,3,3.3084,2.1243,2.1243,-1.1841,+0.0000,5.0057,2.6625,2.6625,-2.3432,+0.0000,2.7562,1.5077,1.5077,-1.2485,+0.0000,0.7727,1.0000,1.0000,+0.2273,+0.0000,9.8887,11.9590,11.9590,+2.0703,+0.0000,0.1768,0.2323,0.2323,+0.0555,+0.0000
synthetic_clean,synthetic,prior_10_12_with_killer,llambo_style,4,3.6667,2.7455,2.7455,-0.9212,+0.0000,5.5345,3.3699,3.3699,-2.1646,+0.0000,3.1057,1.9301,1.9301,-1.1756,+0.0000,0.6667,1.0000,1.0000,+0.3333,+0.0000,9.4178,11.5266,11.5266,+2.1088,+0.0000,0.1772,0.2989,0.2989,+0.1217,+0.0000
synthetic_clean,synthetic,prior_10_12_with_killer,llambo_style,5,3.6946,3.3579,3.3579,-0.3367,+0.0000,5.6848,4.0213,4.0213,-1.6635,+0.0000,3.2216,2.4070,2.4070,-0.8146,+0.0000,0.6500,0.8000,0.8000,+0.1500,+0.0000,8.7549,11.1168,11.1168,+2.3619,+0.0000,0.1667,0.3556,0.3556,+0.1889,+0.0000
synthetic_clean,synthetic,prior_10_12_with_killer,llambo_style,6,3.7517,4.0379,4.0379,+0.2862,+0.0000,5.6339,4.5731,4.5731,-1.0608,+0.0000,3.2230,2.9272,2.9272,-0.2958,+0.0000,0.6316,0.6316,0.6316,+0.0000,+0.0000,8.0611,10.4541,10.4541,+2.3930,+0.0000,0.1901,0.4240,0.4240,+0.2339,+0.0000
synthetic_clean,synthetic,prior_10_12_with_killer,llambo_style,all,3.0326,2.3387,2.3387,-0.6939,+0.0000,4.7718,3.0741,3.0741,-1.6977,+0.0000,2.5789,1.7359,1.7359,-0.8430,+0.0000,0.7442,0.9147,0.9147,+0.1705,+0.0000,9.5351,11.6776,11.6776,+2.1425,+0.0000,0.1658,0.2476,0.2476,+0.0818,+0.0000
synthetic_clean,synthetic,prior_3_5_with_killer,llambo_style,1,1.5733,0.6746,0.6746,-0.8987,+0.0000,2.3402,0.7903,0.7903,-1.5499,+0.0000,1.3620,0.9628,0.9628,-0.3992,+0.0000,1.0000,1.0000,1.0000,+0.0000,+0.0000,13.9552,15.0716,15.0716,+1.1164,+0.0000,0.1620,0.2222,0.2222,+0.0602,+0.0000
synthetic_clean,synthetic,prior_3_5_with_killer,llambo_style,2,2.7189,1.2934,1.2934,-1.4255,+0.0000,3.9983,1.4998,1.4998,-2.4985,+0.0000,2.1223,1.1451,1.1451,-0.9772,+0.0000,0.8696,1.0000,1.0000,+0.1304,+0.0000,14.3421,15.4895,15.4895,+1.1474,+0.0000,0.1860,0.1841,0.1841,-0.0019,+0.0000
synthetic_clean,synthetic,prior_3_5_with_killer,llambo_style,3,3.5048,1.8080,1.8080,-1.6968,+0.0000,5.0504,2.1232,2.1232,-2.9272,+0.0000,2.6823,1.3437,1.3437,-1.3386,+0.0000,0.8636,1.0000,1.0000,+0.1364,+0.0000,13.9489,15.0648,15.0648,+1.1159,+0.0000,0.2222,0.1778,0.1778,-0.0444,+0.0000
synthetic_clean,synthetic,prior_3_5_with_killer,llambo_style,4,3.9558,2.2892,2.2892,-1.6666,+0.0000,5.6036,2.6644,2.6644,-2.9392,+0.0000,3.0259,1.5732,1.5732,-1.4527,+0.0000,0.8095,1.0000,1.0000,+0.1905,+0.0000,13.4606,14.5374,14.5374,+1.0768,+0.0000,0.2354,0.2048,0.2048,-0.0306,+0.0000
synthetic_clean,synthetic,prior_3_5_with_killer,llambo_style,5,4.1321,2.6784,2.6784,-1.4537,+0.0000,5.7870,3.1375,3.1375,-2.6495,+0.0000,3.1790,1.8241,1.8241,-1.3549,+0.0000,0.8000,1.0000,1.0000,+0.2000,+0.0000,12.9602,13.9970,13.9970,+1.0368,+0.0000,0.2500,0.2389,0.2389,-0.0111,+0.0000
synthetic_clean,synthetic,prior_3_5_with_killer,llambo_style,6,4.0966,3.0977,3.0977,-0.9989,+0.0000,5.7317,3.5390,3.5390,-2.1927,+0.0000,3.1850,2.0817,2.0817,-1.1033,+0.0000,0.7895,1.0000,1.0000,+0.2105,+0.0000,12.4583,13.4550,13.4550,+0.9967,+0.0000,0.2602,0.2953,0.2953,+0.0351,+0.0000
synthetic_clean,synthetic,prior_3_5_with_killer,llambo_style,all,3.2632,1.9086,1.9086,-1.3546,+0.0000,4.8334,2.4109,2.4109,-2.4225,+0.0000,2.5438,1.4580,1.4580,-1.0858,+0.0000,0.8605,1.0000,1.0000,+0.1395,+0.0000,13.5679,14.6533,14.6533,+1.0854,+0.0000,0.2132,0.1622,0.1622,-0.0510,+0.0000
synthetic_clean,synthetic,prior_7_8_no_killer,llambo_style,1,1.9034,0.6027,0.6027,-1.3007,+0.0000,2.8036,0.7304,0.7304,-2.0732,+0.0000,1.5211,0.8061,0.8061,-0.7150,+0.0000,0.9167,1.0000,1.0000,+0.0833,+0.0000,11.4856,12.4044,12.4044,+0.9188,+0.0000,0.1944,0.2222,0.2222,+0.0278,+0.0000
synthetic_clean,synthetic,prior_7_8_no_killer,llambo_style,2,3.2921,1.1580,1.1580,-2.1341,+0.0000,4.7854,1.3829,1.3829,-3.4025,+0.0000,2.5837,0.9834,0.9834,-1.6003,+0.0000,0.8261,1.0000,1.0000,+0.1739,+0.0000,11.7258,12.6639,12.6639,+0.9381,+0.0000,0.2536,0.1647,0.1647,-0.0889,+0.0000
synthetic_clean,synthetic,prior_7_8_no_killer,llambo_style,3,4.2156,1.6194,1.6194,-2.5962,+0.0000,6.0468,1.9542,1.9542,-4.0926,+0.0000,3.3608,1.1854,1.1854,-2.1754,+0.0000,0.7727,1.0000,1.0000,+0.2273,+0.0000,11.3153,12.2205,12.2205,+0.9052,+0.0000,0.2879,0.1636,0.1636,-0.1243,+0.0000
synthetic_clean,synthetic,prior_7_8_no_killer,llambo_style,4,4.7569,2.0596,2.0596,-2.6973,+0.0000,6.7167,2.4459,2.4459,-4.2708,+0.0000,3.8374,1.4159,1.4159,-2.4215,+0.0000,0.6667,1.0000,1.0000,+0.3333,+0.0000,10.8249,11.6909,11.6909,+0.8660,+0.0000,0.2989,0.1984,0.1984,-0.1005,+0.0000
synthetic_clean,synthetic,prior_7_8_no_killer,llambo_style,5,4.9746,2.4033,2.4033,-2.5713,+0.0000,6.9490,2.8553,2.8553,-4.0937,+0.0000,4.0584,1.6549,1.6549,-2.4035,+0.0000,0.6500,1.0000,1.0000,+0.3500,+0.0000,10.3243,11.1502,11.1502,+0.8259,+0.0000,0.3056,0.2389,0.2389,-0.0667,+0.0000
synthetic_clean,synthetic,prior_7_8_no_killer,llambo_style,6,4.9594,2.7643,2.7643,-2.1951,+0.0000,6.9016,3.1896,3.1896,-3.7120,+0.0000,4.0911,1.8941,1.8941,-2.1970,+0.0000,0.6316,1.0000,1.0000,+0.3684,+0.0000,9.8224,10.6082,10.6082,+0.7858,+0.0000,0.3246,0.3012,0.3012,-0.0234,+0.0000
synthetic_clean,synthetic,prior_7_8_no_killer,llambo_style,all,3.9361,1.7098,1.7098,-2.2263,+0.0000,5.7989,2.1972,2.1972,-3.6017,+0.0000,3.1733,1.2935,1.2935,-1.8798,+0.0000,0.7519,1.0000,1.0000,+0.2481,+0.0000,10.9668,11.8442,11.8442,+0.8774,+0.0000,0.2743,0.1606,0.1606,-0.1137,+0.0000
synthetic_clean,synthetic,prior_7_8_with_killer,llambo_style,1,1.5733,0.6746,0.6746,-0.8987,+0.0000,2.3402,0.7903,0.7903,-1.5499,+0.0000,1.2940,0.8174,0.8174,-0.4766,+0.0000,0.9583,1.0000,1.0000,+0.0417,+0.0000,11.4856,12.4044,12.4044,+0.9188,+0.0000,0.1639,0.2176,0.2176,+0.0537,+0.0000
synthetic_clean,synthetic,prior_7_8_with_killer,llambo_style,2,2.7189,1.2934,1.2934,-1.4255,+0.0000,3.9983,1.4998,1.4998,-2.4985,+0.0000,2.1087,1.0231,1.0231,-1.0856,+0.0000,0.8696,1.0000,1.0000,+0.1304,+0.0000,11.7258,12.6639,12.6639,+0.9381,+0.0000,0.2150,0.1560,0.1560,-0.0590,+0.0000
synthetic_clean,synthetic,prior_7_8_with_killer,llambo_style,3,3.5048,1.8080,1.8080,-1.6968,+0.0000,5.0504,2.1232,2.1232,-2.9272,+0.0000,2.7098,1.2651,1.2651,-1.4447,+0.0000,0.8182,1.0000,1.0000,+0.1818,+0.0000,11.3153,12.2205,12.2205,+0.9052,+0.0000,0.2323,0.1889,0.1889,-0.0434,+0.0000
synthetic_clean,synthetic,prior_7_8_with_killer,llambo_style,4,3.9558,2.2892,2.2892,-1.6666,+0.0000,5.6036,2.6644,2.6644,-2.9392,+0.0000,3.0828,1.5429,1.5429,-1.5399,+0.0000,0.7619,1.0000,1.0000,+0.2381,+0.0000,10.8249,11.6909,11.6909,+0.8660,+0.0000,0.2566,0.2249,0.2249,-0.0317,+0.0000
synthetic_clean,synthetic,prior_7_8_with_killer,llambo_style,5,4.1321,2.6784,2.6784,-1.4537,+0.0000,5.7870,3.1375,3.1375,-2.6495,+0.0000,3.2533,1.8439,1.8439,-1.4094,+0.0000,0.7000,1.0000,1.0000,+0.3000,+0.0000,10.3243,11.1502,11.1502,+0.8259,+0.0000,0.2778,0.2833,0.2833,+0.0055,+0.0000
synthetic_clean,synthetic,prior_7_8_with_killer,llambo_style,6,4.0966,3.0977,3.0977,-0.9989,+0.0000,5.7317,3.5390,3.5390,-2.1927,+0.0000,3.2652,2.1525,2.1525,-1.1127,+0.0000,0.6842,0.8947,0.8947,+0.2105,+0.0000,9.8224,10.6082,10.6082,+0.7858,+0.0000,0.2661,0.3246,0.3246,+0.0585,+0.0000
synthetic_clean,synthetic,prior_7_8_with_killer,llambo_style,all,3.2632,1.9086,1.9086,-1.3546,+0.0000,4.8334,2.4109,2.4109,-2.4225,+0.0000,2.5660,1.4043,1.4043,-1.1617,+0.0000,0.8062,0.9845,0.9845,+0.1783,+0.0000,10.9668,11.8442,11.8442,+0.8774,+0.0000,0.2321,0.1839,0.1839,-0.0482,+0.0000
synthetic_noisy,synthetic,prior_10_12_with_killer,llambo_style,1,2.4325,2.5244,2.5244,+0.0919,+0.0000,3.5166,3.1877,3.1877,-0.3289,+0.0000,1.8629,1.8194,1.8194,-0.0435,+0.0000,0.9167,0.9583,0.9583,+0.0416,+0.0000,10.2508,12.9842,12.9842,+2.7334,+0.0000,0.0741,0.0731,0.0731,-0.0010,+0.0000
synthetic_noisy,synthetic,prior_10_12_with_killer,llambo_style,2,2.6261,2.6781,2.6781,+0.0520,+0.0000,4.0376,3.2398,3.2398,-0.7978,+0.0000,2.1373,1.9256,1.9256,-0.2117,+0.0000,0.7826,0.9130,0.9130,+0.1304,+0.0000,10.2471,13.4575,13.4575,+3.2104,+0.0000,0.1377,0.0990,0.0990,-0.0387,+0.0000
synthetic_noisy,synthetic,prior_10_12_with_killer,llambo_style,3,3.1862,2.6501,2.6501,-0.5361,+0.0000,4.6572,3.3983,3.3983,-1.2589,+0.0000,2.6007,1.9130,1.9130,-0.6877,+0.0000,0.7727,0.9545,0.9545,+0.1818,+0.0000,9.8539,12.9257,12.9257,+3.0718,+0.0000,0.1717,0.1313,0.1313,-0.0404,+0.0000
synthetic_noisy,synthetic,prior_10_12_with_killer,llambo_style,4,3.5118,3.1067,3.1067,-0.4051,+0.0000,5.2399,3.7650,3.7650,-1.4749,+0.0000,2.9711,2.2102,2.2102,-0.7609,+0.0000,0.7143,0.8095,0.8095,+0.0952,+0.0000,9.4148,12.0180,12.0180,+2.6032,+0.0000,0.1825,0.1931,0.1931,+0.0106,+0.0000
synthetic_noisy,synthetic,prior_10_12_with_killer,llambo_style,5,3.7706,3.6233,3.6233,-0.1473,+0.0000,5.9598,4.0743,4.0743,-1.8855,+0.0000,3.2517,2.5284,2.5284,-0.7233,+0.0000,0.7000,0.8000,0.8000,+0.1000,+0.0000,8.9751,11.7946,11.7946,+2.8195,+0.0000,0.1889,0.2000,0.2000,+0.0111,+0.0000
synthetic_noisy,synthetic,prior_10_12_with_killer,llambo_style,6,3.7839,4.0942,4.0942,+0.3103,+0.0000,5.3910,4.5770,4.5770,-0.8140,+0.0000,3.1744,2.8885,2.8885,-0.2859,+0.0000,0.6842,0.6842,0.6842,+0.0000,+0.0000,8.5411,11.4170,11.4170,+2.8759,+0.0000,0.1784,0.3023,0.3023,+0.1239,+0.0000
synthetic_noisy,synthetic,prior_10_12_with_killer,llambo_style,all,3.1777,3.0696,3.0696,-0.1081,+0.0000,4.8128,3.7011,3.7011,-1.1117,+0.0000,2.6266,2.1853,2.1853,-0.4413,+0.0000,0.7674,0.8605,0.8605,+0.0931,+0.0000,9.5968,12.4861,12.4861,+2.8893,+0.0000,0.1529,0.1598,0.1598,+0.0069,+0.0000
synthetic_noisy,synthetic,prior_3_5_with_killer,llambo_style,1,2.4583,2.4105,2.4105,-0.0478,+0.0000,3.4978,3.0845,3.0845,-0.4133,+0.0000,1.8480,1.7260,1.7260,-0.1220,+0.0000,0.9167,0.9583,0.9583,+0.0416,+0.0000,13.9552,15.1707,15.1707,+1.2155,+0.0000,0.1009,0.0713,0.0713,-0.0296,+0.0000
synthetic_noisy,synthetic,prior_3_5_with_killer,llambo_style,2,2.7066,2.4068,2.4068,-0.2998,+0.0000,4.0660,2.9408,2.9408,-1.1252,+0.0000,2.1314,1.7133,1.7133,-0.4181,+0.0000,0.9130,1.0000,1.0000,+0.0870,+0.0000,14.3421,15.6066,15.6066,+1.2645,+0.0000,0.1715,0.0633,0.0633,-0.1082,+0.0000
synthetic_noisy,synthetic,prior_3_5_with_killer,llambo_style,3,3.2622,2.1238,2.1238,-1.1384,+0.0000,4.6595,2.8031,2.8031,-1.8564,+0.0000,2.4969,1.6184,1.6184,-0.8785,+0.0000,0.8636,1.0000,1.0000,+0.1364,+0.0000,13.9489,15.1852,15.1852,+1.2363,+0.0000,0.1919,0.0919,0.0919,-0.1000,+0.0000
synthetic_noisy,synthetic,prior_3_5_with_killer,llambo_style,4,3.5869,2.4171,2.4171,-1.1698,+0.0000,5.2548,3.0807,3.0807,-2.1741,+0.0000,2.8579,1.7564,1.7564,-1.1015,+0.0000,0.7619,1.0000,1.0000,+0.2381,+0.0000,13.4606,14.6579,14.6579,+1.1973,+0.0000,0.2196,0.1360,0.1360,-0.0836,+0.0000
synthetic_noisy,synthetic,prior_3_5_with_killer,llambo_style,5,3.8888,2.8087,2.8087,-1.0801,+0.0000,6.0173,3.1946,3.1946,-2.8227,+0.0000,3.1746,1.8641,1.8641,-1.3105,+0.0000,0.8000,1.0000,1.0000,+0.2000,+0.0000,12.9602,14.1169,14.1169,+1.1567,+0.0000,0.2500,0.1389,0.1389,-0.1111,+0.0000
synthetic_noisy,synthetic,prior_3_5_with_killer,llambo_style,6,3.8368,2.9612,2.9612,-0.8756,+0.0000,5.4023,3.5375,3.5375,-1.8648,+0.0000,3.0133,2.0494,2.0494,-0.9639,+0.0000,0.7895,1.0000,1.0000,+0.2105,+0.0000,12.4583,13.5738,13.5738,+1.1155,+0.0000,0.2485,0.2076,0.2076,-0.0409,+0.0000
synthetic_noisy,synthetic,prior_3_5_with_killer,llambo_style,all,3.2482,2.5049,2.5049,-0.7433,+0.0000,4.8305,3.1020,3.1020,-1.7285,+0.0000,2.5509,1.7794,1.7794,-0.7715,+0.0000,0.8450,0.9922,0.9922,+0.1472,+0.0000,13.5679,14.7688,14.7688,+1.2009,+0.0000,0.1925,0.1028,0.1028,-0.0897,+0.0000
synthetic_noisy,synthetic,prior_7_8_no_killer,llambo_style,1,2.6228,2.3859,2.3859,-0.2369,+0.0000,3.7805,3.0912,3.0912,-0.6893,+0.0000,1.9638,1.6800,1.6800,-0.2838,+0.0000,0.9167,0.9583,0.9583,+0.0416,+0.0000,11.4856,12.6468,12.6468,+1.1612,+0.0000,0.1389,0.0528,0.0528,-0.0861,+0.0000
synthetic_noisy,synthetic,prior_7_8_no_killer,llambo_style,2,3.2192,2.3698,2.3698,-0.8494,+0.0000,4.7238,2.9214,2.9214,-1.8024,+0.0000,2.5017,1.6609,1.6609,-0.8408,+0.0000,0.7826,1.0000,1.0000,+0.2174,+0.0000,11.7258,12.9491,12.9491,+1.2233,+0.0000,0.2198,0.0498,0.0498,-0.1700,+0.0000
synthetic_noisy,synthetic,prior_7_8_no_killer,llambo_style,3,3.9668,2.1218,2.1218,-1.8450,+0.0000,5.5680,2.7115,2.7115,-2.8565,+0.0000,3.1059,1.5339,1.5339,-1.5720,+0.0000,0.7727,1.0000,1.0000,+0.2273,+0.0000,11.3153,12.5113,12.5113,+1.1960,+0.0000,0.2778,0.0566,0.0566,-0.2212,+0.0000
synthetic_noisy,synthetic,prior_7_8_no_killer,llambo_style,4,4.4276,2.2998,2.2998,-2.1278,+0.0000,6.2967,2.9153,2.9153,-3.3814,+0.0000,3.5878,1.6269,1.6269,-1.9609,+0.0000,0.7143,0.9524,0.9524,+0.2381,+0.0000,10.8249,11.9790,11.9790,+1.1541,+0.0000,0.2884,0.0905,0.0905,-0.1979,+0.0000
synthetic_noisy,synthetic,prior_7_8_no_killer,llambo_style,5,4.8076,2.6851,2.6851,-2.1225,+0.0000,7.0982,3.0007,3.0007,-4.0975,+0.0000,4.0002,1.7628,1.7628,-2.2374,+0.0000,0.7000,0.9500,0.9500,+0.2500,+0.0000,10.3243,11.4338,11.4338,+1.1095,+0.0000,0.3056,0.1000,0.1000,-0.2056,+0.0000
synthetic_noisy,synthetic,prior_7_8_no_killer,llambo_style,6,4.7317,2.4723,2.4723,-2.2594,+0.0000,6.5217,3.0915,3.0915,-3.4302,+0.0000,3.8637,1.7856,1.7856,-2.0781,+0.0000,0.6842,1.0000,1.0000,+0.3158,+0.0000,9.8224,10.8861,10.8861,+1.0637,+0.0000,0.3421,0.1620,0.1620,-0.1801,+0.0000
synthetic_noisy,synthetic,prior_7_8_no_killer,llambo_style,all,3.9015,2.3831,2.3831,-1.5184,+0.0000,5.6969,2.9565,2.9565,-2.7404,+0.0000,3.1144,1.6714,1.6714,-1.4430,+0.0000,0.7674,0.9767,0.9767,+0.2093,+0.0000,10.9668,12.1215,12.1215,+1.1547,+0.0000,0.2571,0.0736,0.0736,-0.1835,+0.0000
synthetic_noisy,synthetic,prior_7_8_with_killer,llambo_style,1,2.4583,2.4105,2.4105,-0.0478,+0.0000,3.4978,3.0845,3.0845,-0.4133,+0.0000,1.8217,1.6883,1.6883,-0.1334,+0.0000,0.9167,0.9583,0.9583,+0.0416,+0.0000,11.4856,12.6045,12.6045,+1.1189,+0.0000,0.1019,0.0620,0.0620,-0.0399,+0.0000
synthetic_noisy,synthetic,prior_7_8_with_killer,llambo_style,2,2.7066,2.4068,2.4068,-0.2998,+0.0000,4.0660,2.9408,2.9408,-1.1252,+0.0000,2.1143,1.6779,1.6779,-0.4364,+0.0000,0.8696,1.0000,1.0000,+0.1304,+0.0000,11.7258,12.8990,12.8990,+1.1732,+0.0000,0.1763,0.0498,0.0498,-0.1265,+0.0000
synthetic_noisy,synthetic,prior_7_8_with_killer,llambo_style,3,3.2622,2.1238,2.1238,-1.1384,+0.0000,4.6595,2.8031,2.8031,-1.8564,+0.0000,2.5188,1.5698,1.5698,-0.9490,+0.0000,0.8182,0.9545,0.9545,+0.1363,+0.0000,11.3153,12.4600,12.4600,+1.1447,+0.0000,0.2172,0.0949,0.0949,-0.1223,+0.0000
synthetic_noisy,synthetic,prior_7_8_with_killer,llambo_style,4,3.5869,2.4171,2.4171,-1.1698,+0.0000,5.2548,3.0807,3.0807,-2.1741,+0.0000,2.8992,1.7366,1.7366,-1.1626,+0.0000,0.7619,0.9524,0.9524,+0.1905,+0.0000,10.8249,11.9278,11.9278,+1.1029,+0.0000,0.2354,0.1349,0.1349,-0.1005,+0.0000
synthetic_noisy,synthetic,prior_7_8_with_killer,llambo_style,5,3.8888,2.8087,2.8087,-1.0801,+0.0000,6.0173,3.1946,3.1946,-2.8227,+0.0000,3.2290,1.8886,1.8886,-1.3404,+0.0000,0.7000,1.0000,1.0000,+0.3000,+0.0000,10.3243,11.3832,11.3832,+1.0589,+0.0000,0.2556,0.1444,0.1444,-0.1112,+0.0000
synthetic_noisy,synthetic,prior_7_8_with_killer,llambo_style,6,3.8368,2.9612,2.9612,-0.8756,+0.0000,5.4023,3.5375,3.5375,-1.8648,+0.0000,3.0780,2.0954,2.0954,-0.9826,+0.0000,0.6842,0.7895,0.7895,+0.1053,+0.0000,9.8224,10.8367,10.8367,+1.0143,+0.0000,0.2661,0.2310,0.2310,-0.0351,+0.0000
synthetic_noisy,synthetic,prior_7_8_with_killer,llambo_style,all,3.2482,2.5049,2.5049,-0.7433,+0.0000,4.8305,3.1020,3.1020,-1.7285,+0.0000,2.5714,1.7651,1.7651,-0.8063,+0.0000,0.7984,0.9457,0.9457,+0.1473,+0.0000,10.9668,12.0725,12.0725,+1.1057,+0.0000,0.2046,0.1072,0.1072,-0.0974,+0.0000
synthetic_outlier,synthetic,prior_10_12_with_killer,llambo_style,1,4.4632,4.6341,4.6341,+0.1709,+0.0000,6.3615,6.6596,6.6596,+0.2981,+0.0000,3.5807,3.4649,3.4649,-0.1158,+0.0000,0.7500,0.8750,0.8750,+0.1250,+0.0000,10.2508,16.3127,16.3127,+6.0619,+0.0000,0.0880,0.0657,0.0657,-0.0223,+0.0000
synthetic_outlier,synthetic,prior_10_12_with_killer,llambo_style,2,4.4662,4.4383,4.4383,-0.0279,+0.0000,6.3965,6.4260,6.4260,+0.0295,+0.0000,3.6913,3.4178,3.4178,-0.2735,+0.0000,0.6087,0.8261,0.8261,+0.2174,+0.0000,10.2471,17.4964,17.4964,+7.2493,+0.0000,0.1444,0.0594,0.0594,-0.0850,+0.0000
synthetic_outlier,synthetic,prior_10_12_with_killer,llambo_style,3,4.9367,4.9478,4.9478,+0.0111,+0.0000,7.0069,6.6527,6.6527,-0.3542,+0.0000,4.0838,3.6825,3.6825,-0.4013,+0.0000,0.5909,0.8182,0.8182,+0.2273,+0.0000,9.8539,17.1302,17.1302,+7.2763,+0.0000,0.1323,0.0838,0.0838,-0.0485,+0.0000
synthetic_outlier,synthetic,prior_10_12_with_killer,llambo_style,4,5.5188,5.2706,5.2706,-0.2482,+0.0000,7.5804,7.3678,7.3678,-0.2126,+0.0000,4.6590,3.9994,3.9994,-0.6596,+0.0000,0.5714,0.6667,0.6667,+0.0953,+0.0000,9.4148,16.0671,16.0671,+6.6523,+0.0000,0.1635,0.1286,0.1286,-0.0349,+0.0000
synthetic_outlier,synthetic,prior_10_12_with_killer,llambo_style,5,5.1662,5.7570,5.7570,+0.5908,+0.0000,8.3434,7.5434,7.5434,-0.8000,+0.0000,4.5659,4.2887,4.2887,-0.2772,+0.0000,0.6000,0.7000,0.7000,+0.1000,+0.0000,8.9751,15.7483,15.7483,+6.7732,+0.0000,0.1833,0.1500,0.1500,-0.0333,+0.0000
synthetic_outlier,synthetic,prior_10_12_with_killer,llambo_style,6,4.8340,5.2941,5.2941,+0.4601,+0.0000,6.3000,7.5529,7.5529,+1.2529,+0.0000,4.0729,3.9608,3.9608,-0.1121,+0.0000,0.5789,0.7368,0.7368,+0.1579,+0.0000,8.2925,15.3081,15.3081,+7.0156,+0.0000,0.1667,0.2029,0.2029,+0.0362,+0.0000
synthetic_outlier,synthetic,prior_10_12_with_killer,llambo_style,all,4.8799,5.0276,5.0276,+0.1477,+0.0000,7.0136,7.0159,7.0159,+0.0023,+0.0000,4.0870,3.7814,3.7814,-0.3056,+0.0000,0.6202,0.7752,0.7752,+0.1550,+0.0000,9.5601,16.3877,16.3877,+6.8276,+0.0000,0.1376,0.1083,0.1083,-0.0293,+0.0000
synthetic_outlier,synthetic,prior_3_5_with_killer,llambo_style,1,4.4050,4.4047,4.4047,-0.0003,+0.0000,6.3195,6.2756,6.2756,-0.0439,+0.0000,3.4187,3.3360,3.3360,-0.0827,+0.0000,0.7500,0.8333,0.8333,+0.0833,+0.0000,13.9552,16.9805,16.9805,+3.0253,+0.0000,0.0889,0.0454,0.0454,-0.0435,+0.0000
synthetic_outlier,synthetic,prior_3_5_with_killer,llambo_style,2,4.3395,4.0246,4.0246,-0.3149,+0.0000,6.2826,5.6328,5.6328,-0.6498,+0.0000,3.3925,3.0725,3.0725,-0.3200,+0.0000,0.8261,0.8696,0.8696,+0.0435,+0.0000,14.3421,17.6921,17.6921,+3.3500,+0.0000,0.1570,0.0237,0.0237,-0.1333,+0.0000
synthetic_outlier,synthetic,prior_3_5_with_killer,llambo_style,3,4.8777,4.1802,4.1802,-0.6975,+0.0000,6.8566,5.3855,5.3855,-1.4711,+0.0000,3.7614,3.1029,3.1029,-0.6585,+0.0000,0.7727,0.8636,0.8636,+0.0909,+0.0000,13.9489,17.3061,17.3061,+3.3572,+0.0000,0.1515,0.0636,0.0636,-0.0879,+0.0000
synthetic_outlier,synthetic,prior_3_5_with_killer,llambo_style,4,5.1897,3.9967,3.9967,-1.1930,+0.0000,7.4154,5.3765,5.3765,-2.0389,+0.0000,4.1278,3.0385,3.0385,-1.0893,+0.0000,0.6190,0.8571,0.8571,+0.2381,+0.0000,13.4606,16.7029,16.7029,+3.2423,+0.0000,0.1984,0.0810,0.0810,-0.1174,+0.0000
synthetic_outlier,synthetic,prior_3_5_with_killer,llambo_style,5,5.0963,4.2283,4.2283,-0.8680,+0.0000,8.1193,5.4084,5.4084,-2.7109,+0.0000,4.1910,3.0683,3.0683,-1.1227,+0.0000,0.7500,0.8500,0.8500,+0.1000,+0.0000,12.9602,16.0688,16.0688,+3.1086,+0.0000,0.2333,0.1000,0.1000,-0.1333,+0.0000
synthetic_outlier,synthetic,prior_3_5_with_killer,llambo_style,6,4.8443,3.6806,3.6806,-1.1637,+0.0000,6.3016,4.5960,4.5960,-1.7056,+0.0000,3.7804,2.6109,2.6109,-1.1695,+0.0000,0.6842,0.8947,0.8947,+0.2105,+0.0000,12.4583,15.4274,15.4274,+2.9691,+0.0000,0.2485,0.1199,0.1199,-0.1286,+0.0000
synthetic_outlier,synthetic,prior_3_5_with_killer,llambo_style,all,4.7736,4.0982,4.0982,-0.6754,+0.0000,6.8925,5.5029,5.5029,-1.3896,+0.0000,3.7609,3.0525,3.0525,-0.7084,+0.0000,0.7364,0.8605,0.8605,+0.1241,+0.0000,13.5679,16.7476,16.7476,+3.1797,+0.0000,0.1744,0.0661,0.0661,-0.1083,+0.0000
synthetic_outlier,synthetic,prior_7_8_no_killer,llambo_style,1,4.5454,4.3762,4.3762,-0.1692,+0.0000,6.4601,6.2664,6.2664,-0.1937,+0.0000,3.5896,3.3313,3.3313,-0.2583,+0.0000,0.7500,0.7917,0.7917,+0.0417,+0.0000,11.4856,15.1480,15.1480,+3.6624,+0.0000,0.1259,0.0463,0.0463,-0.0796,+0.0000
synthetic_outlier,synthetic,prior_7_8_no_killer,llambo_style,2,4.7549,3.9933,3.9933,-0.7616,+0.0000,6.7442,5.6142,5.6142,-1.1300,+0.0000,3.7719,3.0698,3.0698,-0.7021,+0.0000,0.6522,0.8696,0.8696,+0.2174,+0.0000,11.7258,15.9324,15.9324,+4.2066,+0.0000,0.1957,0.0333,0.0333,-0.1624,+0.0000
synthetic_outlier,synthetic,prior_7_8_no_killer,llambo_style,3,5.3422,4.1906,4.1906,-1.1516,+0.0000,7.5620,5.3445,5.3445,-2.2175,+0.0000,4.3314,3.0933,3.0933,-1.2381,+0.0000,0.6818,0.8636,0.8636,+0.1818,+0.0000,11.3153,15.5201,15.5201,+4.2048,+0.0000,0.2222,0.0505,0.0505,-0.1717,+0.0000
synthetic_outlier,synthetic,prior_7_8_no_killer,llambo_style,4,5.8043,3.8965,3.8965,-1.9078,+0.0000,8.2866,5.3173,5.3173,-2.9693,+0.0000,4.8231,3.0033,3.0033,-1.8198,+0.0000,0.5714,0.7619,0.7619,+0.1905,+0.0000,10.8249,14.8846,14.8846,+4.0597,+0.0000,0.2566,0.0566,0.0566,-0.2000,+0.0000
synthetic_outlier,synthetic,prior_7_8_no_killer,llambo_style,5,5.9605,4.1170,4.1170,-1.8435,+0.0000,9.0876,5.3697,5.3697,-3.7179,+0.0000,5.0270,2.9941,2.9941,-2.0329,+0.0000,0.6500,0.8500,0.8500,+0.2000,+0.0000,10.3243,14.2037,14.2037,+3.8794,+0.0000,0.2944,0.0833,0.0833,-0.2111,+0.0000
synthetic_outlier,synthetic,prior_7_8_no_killer,llambo_style,6,5.6291,3.2770,3.2770,-2.3521,+0.0000,7.3604,4.2492,4.2492,-3.1112,+0.0000,4.6564,2.3907,2.3907,-2.2657,+0.0000,0.5789,0.8947,0.8947,+0.3158,+0.0000,9.8224,13.5120,13.5120,+3.6896,+0.0000,0.3246,0.0825,0.0825,-0.2421,+0.0000
synthetic_outlier,synthetic,prior_7_8_no_killer,llambo_style,all,5.3026,3.9961,3.9961,-1.3065,+0.0000,7.5887,5.4341,5.4341,-2.1546,+0.0000,4.3294,2.9999,2.9999,-1.3295,+0.0000,0.6512,0.8372,0.8372,+0.1860,+0.0000,10.9668,14.9211,14.9211,+3.9543,+0.0000,0.2304,0.0518,0.0518,-0.1786,+0.0000
synthetic_outlier,synthetic,prior_7_8_with_killer,llambo_style,1,4.4050,4.4047,4.4047,-0.0003,+0.0000,6.3195,6.2756,6.2756,-0.0439,+0.0000,3.4798,3.3483,3.3483,-0.1315,+0.0000,0.7500,0.7917,0.7917,+0.0417,+0.0000,11.4856,15.1285,15.1285,+3.6429,+0.0000,0.0935,0.0509,0.0509,-0.0426,+0.0000
synthetic_outlier,synthetic,prior_7_8_with_killer,llambo_style,2,4.3395,4.0246,4.0246,-0.3149,+0.0000,6.2826,5.6328,5.6328,-0.6498,+0.0000,3.4593,3.0919,3.0919,-0.3674,+0.0000,0.6957,0.8696,0.8696,+0.1739,+0.0000,11.7258,15.9047,15.9047,+4.1789,+0.0000,0.1667,0.0343,0.0343,-0.1324,+0.0000
synthetic_outlier,synthetic,prior_7_8_with_killer,llambo_style,3,4.8777,4.1802,4.1802,-0.6975,+0.0000,6.8566,5.3855,5.3855,-1.4711,+0.0000,3.8566,3.1298,3.1298,-0.7268,+0.0000,0.6818,0.7727,0.7727,+0.0909,+0.0000,11.3153,15.4878,15.4878,+4.1725,+0.0000,0.1717,0.0687,0.0687,-0.1030,+0.0000
synthetic_outlier,synthetic,prior_7_8_with_killer,llambo_style,4,5.1897,3.9967,3.9967,-1.1930,+0.0000,7.4154,5.3765,5.3765,-2.0389,+0.0000,4.2385,3.0655,3.0655,-1.1730,+0.0000,0.6190,0.7619,0.7619,+0.1429,+0.0000,10.8249,14.8494,14.8494,+4.0245,+0.0000,0.2037,0.1021,0.1021,-0.1016,+0.0000
synthetic_outlier,synthetic,prior_7_8_with_killer,llambo_style,5,5.0963,4.2283,4.2283,-0.8680,+0.0000,8.1193,5.4084,5.4084,-2.7109,+0.0000,4.2818,3.1073,3.1073,-1.1745,+0.0000,0.6500,0.8500,0.8500,+0.2000,+0.0000,10.3243,14.1663,14.1663,+3.8420,+0.0000,0.2333,0.1111,0.1111,-0.1222,+0.0000
synthetic_outlier,synthetic,prior_7_8_with_killer,llambo_style,6,4.8443,3.6806,3.6806,-1.1637,+0.0000,6.3016,4.5960,4.5960,-1.7056,+0.0000,3.9057,2.6385,2.6385,-1.2672,+0.0000,0.5789,0.8421,0.8421,+0.2632,+0.0000,9.8224,13.4725,13.4725,+3.6501,+0.0000,0.2602,0.1292,0.1292,-0.1310,+0.0000
synthetic_outlier,synthetic,prior_7_8_with_killer,llambo_style,all,4.7736,4.0982,4.0982,-0.6754,+0.0000,6.8925,5.5029,5.5029,-1.3896,+0.0000,3.8510,3.0774,3.0774,-0.7736,+0.0000,0.6667,0.8140,0.8140,+0.1473,+0.0000,10.9668,14.8896,14.8896,+3.9228,+0.0000,0.1830,0.0781,0.0781,-0.1049,+0.0000
